wallets,pcs_address,ape_address,biswap_address,claim_contract
0xb88d09175676913d69924acac17ec69037f1551e,0,0,0,0
0xef713415d4c058cb3cd5224174e28c9384d08e21,0,0,0,0
0x2ad6b5f8d411d127e43189fdffa01a256aaa1e98,0,0,0,0
0x5ac19e17ffc41d091131d62628d0e94796949262,0,0,0,0
0xad570c61f88bd902141f7a8189eb444798c42225,0,0,0,0
0x18d842d4cfd86ee8c6f760cd6fab2ca4df19d12f,0,0,0,0
0x1596e5e20f1c198448726c1bde0dc1b4f58602d2,0,0,0,0
0x531fe774597350c54193d65e342b5ac6b30d6d97,0,0,0,0
0x54d294cc0000cfb5426e2ec43349b953d13e2700,0,0,0,0
0x0000000000f73a9daf39d74d785f5886bfbae81b,0,0,0,0
0xe454fda447b8e632579e10852f3568cd3127a660,0,0,0,0
0xb9b9161c6440353d30e06f6a3f93cd43bd1e3907,0,0,0,0
0x4982085c9e2f89f2ecb8131eca71afad896e89cb,0,0,0,0
0x055a3b37957bfbd3345bed9968e7e8dd56d67066,0,0,0,0
0xefdca55e4bce6c1d535cb2d0687b5567eef2ae83,0,0,0,0
0x0d0707963952f2fba59dd06f2b425ace40b492fe,0,0,0,0
0xec507ac1e7d4069618da43a0135ce8bcaa47a364,0,0,0,0
0xf59742b240426fdc41d61954a49f55f2a377313d,0,0,0,0
0x1942b7ac6b03f3c288b8f5acfff9e6effb1d99aa,0,0,0,0
0x2f9e28e35bd65e40416612d2d4a68f485c8fcf68,0,0,0,0
0xd54c7b416983fe305e9a06f6c163d20e78606a2f,0,0,0,0
0xb765d8495f3b8ce4c0019d42abe6135d49731d89,0,0,0,0
0xe1195faa3e0070cf1444685865e5a0775ad5124c,0,0,0,0
0xc056510a7ac969de97349b22f901a27422139f6c,0,0,0,0
0x75d810979fc9cdebe25ad96e7f7e2bb5d149b3f2,0,0,0,0
0xe3fbec1a07c5eabbdd9f6f257bc43cfc2428c5d3,0,0,0,0
0x8aa4d14a693271f95bd9cf73177eda0a011b05f8,0,0,0,0
0x5ad3cc14c53f898a79f69e54a00c023de24e007f,0,0,0,0
0x51e53eca0c36f3b3bbab6d44126dcf94589d88bd,0,0,0,0
0x7ef8b5b6127722aa716fb84998fd92bd9bfd99ae,0,0,0,0
0xc590175e458b83680867afd273527ff58f74c02b,0,0,0,0
0x1111111254eeb25477b68fb85ed929f73a960582,0,0,0,0
0x96821c3435cc69776c6eae66c3aac845556a3ba0,0,0,0,0
0x653d2f0e3411bfc5c0dcfcce8e86474bac57a955,0,0,0,0
0x670ad0755cc159f9ad79e65d632facba1e743e48,0,0,0,0
0x55f1b72d43d85931c58018fbd7bf9d9142443216,0,0,0,0
0x8fb4f01fc37fc3e2ba1797cbfd8502020572b3a3,0,0,0,0
0x423a2c4b143a82799c6c8b0738c11999c625cd2c,0,0,0,0
0x51972efc501304f3ce79355232d057fdd19f53d4,0,0,0,0
0x5aea8e5654d8bde40d7c68113796f8a439339282,0,0,0,0
0x64a19025d49883ee0875916dd299d362a42a6156,0,0,0,0
0x2696fe6b4b4ac28013c1d91cb77251bba9392426,0,0,0,0
0xd62ef2be60521d7e68e0f7cba3bb36772d0f5bec,0,0,0,0
0x2508f0c23c1c96f17654224c4132bc2656afe3e9,0,0,0,0
0x47d49a5222ffb910366800d33852cd7d0d65fe18,0,0,0,0
0x10a314e573aefeb431338b876146b516cd9e2646,0,0,0,0
0x0c9064761eac5972f53d199fdd3bc6391707c5a2,0,0,0,0
0xdb6f1920a889355780af7570773609bd8cb1f498,0,0,0,0
0x5edf508a71409612a111b03df8f270144fabfb30,0,0,0,0
0x13ba6ea99a5932e9f9fee771e3b62c2154fd4f51,0,0,0,0
0x6dc9113eadd6615797ca2db9453a499a3f06a855,0,0,0,0
0x0742eef6caf1df8a7ea0c50d1d7592254726ff6e,0,0,0,0
0x4af7da6ad49a741e528467d2040161336008aade,0,0,0,0
0xf388f5283499e63f9a489c48f5b1cefbe4792958,0,0,0,0
0xe7c180f2c8d892d5a6ee1cba145bc9f7caea81bb,0,0,0,0
0x909d6c00450e098ef893f26bfe4faa8513018cd1,0,0,0,0
0x114c1fbe027a1bbd5b5b6fed5a7b44f548371dcf,0,0,0,0
0x0303d52057efef51eeea9ad36bc788df827f183d,0,0,0,0
0x0041ad8042dc3c712266a040e57f9d31708f59fd,0,0,0,0
0xd264a71fecc86ecc488a8e2d40c50664e153110e,0,0,0,0
0x9ccb1282434c406ad908e655086b5e9e0e0c0b39,0,0,0,0
0xef2e134d131a720d949af7ec4eb6b866b8f8b14d,0,0,0,0
0xc6665d98efd81f47b03801187eb46cbc63f328b0,0,0,0,0
0x8bf661125bb9f2e811e75d087030149a01019480,0,0,0,0
0x6c2fa4208e67ccccdfc2b744d105af45680cf970,0,0,0,0
0x328130164d0f2b9d7a52edc73b3632e713ff0ec6,0,0,0,0
0x2794a45b10113d2bd7ed28af677077c75bb308d0,0,0,0,0
0x7f54b1fbf800584195f4d4be1c14dcc4e9f3e950,0,0,0,0
0x61d3d16f008fd628ca5cc556a9b74169ff253b36,0,0,0,0
0xb9764cf6d957f2426d3b9626e1cd8e7c3cd9c145,0,0,0,0
0xaccee325acb19f9bc3e1a87c1bd515b21a77a796,0,0,0,0
0x4c42984ad40f5c327c2b3dd9008000aa6544a41d,0,0,0,0
0x983a241bfe910fcfa3e70744aa21aae5f45861f0,0,0,0,0
0x9ef956da6787aeaa8ddc61cd1dddbcd4ea901301,0,0,0,0
0x1d5702c6d7eb30e42a8c94b8db7ea2e8444a37fd,0,0,0,0
0x6131b5fae19ea4f9d964eac0408e4408b66337b5,0,0,0,0
0x98d6cdb70234410281cab7b7c79fa7054e24ae20,0,0,0,0
0x0000000000e48832b7db85332df3d0bed9775b49,0,0,0,0
0x1ee7092a1b6fc9e0fc2716e358794d3b80c281d7,0,0,0,0
0x1abd3eb44ae28cb885d58804fd24836973c0cb4d,0,0,0,0
0x8e1a316a23778cbc1860daa9dc2db8059866134d,0,0,0,0
0xabe013ddd4298f2c30d12372fe248b0e1db6074c,0,0,0,0
0x2f2df7a8eadfc5d09545dd4c7f4267bf09e51849,0,0,0,0
0xeaf28d34599ee8aaabfc35da77a3038945f11275,0,0,0,0
0x7d39589ac99cbba656d5df1c4ce178dd26b9175c,0,0,0,0
0x02d51353a4d8d115350af5f60917570c3faf7a83,0,0,0,0
0xa4cd6726ae964a068717bafa8600d8d6734fe4cc,0,0,0,0
0xa37a006bb588d9012791f111eda9dca91f7d881d,0,0,0,0
0x52ab2beab654af652a2251282a95dcc3f3c3beeb,0,0,0,0
0x2b2a3633f3e6d094755e5a1d51af994f590bf01a,0,0,0,0
0x87b48eedd71e289008f38b0aacd352b6865d998f,0,0,0,0
0x2e4fd1c3ddf224e5daa56dd2e29c76dd339e9500,0,0,0,0
0x8af4cba38944a671e2d14ee68f4add3cd69b6a0f,0,0,0,0
0xa80b5384a64c86805dcbc9a3880a16ca99910cd2,0,0,0,0
0x4b180e3a98bbd4d5088c0128c58cadf0accfe36c,0,0,0,0
0x6f859b0d424820cb311f2f05bbc43f6e7fcadf0c,0,0,0,0
0x515df6eec71f562c57c0c0e05dde05e2f6f092be,0,0,0,0
0x166024f787ad11dc3b3181f0811423948b43f212,0,0,0,0
0x8dc7009b41341c04a287258d0951f4dd8008fc82,0,0,0,0
0xafd5ede8f2a5d712537d941d0ec20778bde2024f,0,0,0,0
0xb6bd6bfc70723f385159f5be9def1a7bff4e175c,0,0,0,0
0xa01bad5689e24b951a1f40f9bb088f1d718d2527,0,0,0,0
0x5b7e7e396a5b9308d6c68271e056396c5f63dda0,0,0,0,0
0x446ef8bd0bc789459828b3cdffc05d1151654015,0,0,0,0
0xd819e3705425dfa164e395d79256cdd9ee4871cb,0,0,0,0
0xec06daa49683d669a411b2a332c0305fee21fb53,0,0,0,0
0x324ec7743a70212299ae82ad674f7547e6b4069d,0,0,0,0
0x58826040a202b5882982d5d8c7bbed79172a9bee,0,0,0,0
0xff6a70f90b6607baacae9aed1e022982feff6bbc,0,0,0,0
0xb99103d1c3bfb2dd0ebf588ddd8029c59763f912,0,0,0,0
0xed151258873ea341a7abdae3fd16a077617cc258,0,0,0,0
0xe4344b1ce3d141f113d7f04e8df4f2946dfce4af,0,0,0,0
0xa844da38662c6f8cbc462d02ebdb4b0cbd3698f2,0,0,0,0
0x99bd9d2b6c448e313e81f312ff507f1488d5a3df,0,0,0,0
0xe4034ced43922820944cc9695c59ca171bae5341,0,0,0,0
0xf032c0feb267346c99907382bcd53de289c9d350,0,0,0,0
0xaaef721098a4f123353495d75604fa921c7ce323,0,0,0,0
0xb0e732105d621099c0448cfd3d9cd8cb0d50f29a,0,0,0,0
0x000000000acfbe4eeb7cef2957425426d6dd1640,0,0,0,0
0x049ab9da7095566903e5ac80e674400f02f50a42,0,0,0,0
0xf73bd04e48f48238449081a0c328151e9674f703,0,0,0,0
0x740cef9c9bdf8c1075f728816714a77656b55a51,0,0,0,0
0xa23fd3995afa256d3d9438c74f56612b468c36b0,0,0,0,0
0x3022911d2e000a188475340d89e60d68362e2753,0,0,0,0
0x13af1109f77aa91c671278afdc126d8155f29171,0,0,0,0
0xfc9dcdcf250d1cb2e38c6df09cfa357568d4145e,0,0,0,0
0x39882faf5a0f7b922901f2b419f6cad6ace938b4,0,0,0,0
0xc27298856488ab4359b2c56abf9769996964430a,0,0,0,0
0x8131f8bc771733d44500cc35464fb9d451932269,0,0,0,0
0xad2feea595089d3fa86ea186632752d90063367e,0,0,0,0
0x0fcb671dace2dfb11d6c5771af7ab1164557d796,0,0,0,0
0x150f4758759ac6577602e284e2ec51e772914b96,0,0,0,0
0x2c5a3bb5e7ef82b56781f009716be6a8d926e16a,0,0,0,0
0xcf7e5879e70f2895493068db105758ff74cc1fee,0,0,0,0
0x4ea0c6de1b4504952f40ab6268dce5696d3c3652,0,0,0,0
0x4e7f4d7747eaa5fced889162e5bd76368d90dcd3,0,0,0,0
0x927a06e28e23d1ee40acb72f781d9c8ba034b08c,0,0,0,0
0xb7023c6f1bd8b173508fb198622b9c7c5a5bb1aa,0,0,0,0
0xf9d330fbd3ac20b33b46bd56ba02996d2972c9f8,0,0,0,0
0x6feedbea3b584971eecec5e0d50c48bd40389602,0,0,0,0
0x47725b33659a957c22784bf00a01a903a297861f,0,0,0,0
0x43c15944a4a28004ccef53dfdbf4af19c592ea6a,0,0,0,0
0x041caffbba60fea3606c76fbaa9312e9f72858c7,0,0,0,0
0x86fac837787484a18b6a96e9925fe151d181d298,0,0,0,0
0x11d3a3650274a4674462d132e9702e79f1772543,0,0,0,0
0x2d0ccb1a3b4fbd9c1c5a14b19c0f0bb29f7ce927,0,0,0,0
0x8d30a19f61dc6b10eb053a02027917eb82413683,0,0,0,0
0x91b03edfce2d6025b4d897e99ca31c5fb4382ff9,0,0,0,0
0x7ba5e722053da67bf183fc4952e5cf5691e0a906,0,0,0,0
0xd26d978cd42682c97ea86309b077fa40dd3ac936,0,0,0,0
0xe0e30a07ccfe1b56367a3f712dbb14795d485641,0,0,0,0
0x8ab4479698d188a8078ae8b94bfc39c9a0c4a369,0,0,0,0
0x10e4f143e4b01941e2c7c53ade293419def55083,0,0,0,0
0x39630e5ca5287e88337cd8be6e10fa309d840dcd,0,0,0,0
0x0eacbe277fd4aedbc55134eb30c6d9b103ea6d49,0,0,0,0
0x018b80c13684c481f72f09ac817a43bf1d3b776d,0,0,0,0
0x2592e5390c21eb3f0465a33406b8190601421c15,0,0,0,0
0x98a734bec6c37804deacced33c60b4f38c457ea4,0,0,0,0
0x0006a120feb0d963ad105c6a6dbed9695b858e5a,0,0,0,0
0x7609bd3f6eb06670d9b7d39f3aa0d531050e65ac,0,0,0,0
0xcc8f5ea6ded8ea3d220b75d4bd8fa5a718fcf0a4,0,0,0,0
0xdef171fe48cf0115b1d80b88dc8eab59176fee57,0,0,0,0
0x333c5167d5585ac0a45d43ccc279f019ce257b2d,0,0,0,0
0x7c5026c189d617bd8f691dcd96cf54f2c4e61dcd,0,0,0,0
0x5f76ee595870903e272a4cfda9c260c46d495cd6,0,0,0,0
0xbe6222e6611f1cf9f987019e984ce9197378a5f1,0,0,0,0
0xf7abc64cb5245f1484aca98c986c7e9d39914e5d,0,0,0,0
0x7c2e9d9cc7c649b6bdf211b79a0372624c03a04b,0,0,0,0
0x9231b08ad974f0c4d3775a4ec0772ef01d226dbf,0,0,0,0
0xe6c19d6ec74b2b65276cff3f84b4166f64a552d5,0,0,0,0
0x5647d059a4ef0217ec4f9d8b3f3aa7011137551b,0,0,0,0
0xf05fb4e7febfdaa115230ecd3adcdfdd579fa900,0,0,0,0
0xac3ea8cad3170d8c3ca74f4c04767319ab3e9220,0,0,0,0
0xfeedfe9c2acb949ef80b0fa714e282d66bd2f955,0,0,0,0
0x0a4b4008f8271fa529aaa68e69084674d73c8168,0,0,0,0
0x0000000000f83bf708c3e3bd57f24411f6fc67f5,0,0,0,0
0xd0ab26897f90d3f3483063c7792a90d9d1117875,0,0,0,0
0x3f7726ec14e7ee38e79d42a8e81f65c9122e1bc1,0,0,0,0
0x6cef1c86c9edeafe3b639574658a87025ddadc74,0,0,0,0
0x1466c2869278e7b1daca2ee60dd62af3f5fba605,0,0,0,0
0xd8f060204e3d7eba25f03b33ba1b425c0c2155aa,0,0,0,0
0x96d3910843b368226ccbadabd1817ef85abc6c42,0,0,0,0
0x9a5eed521a78a3652ff5004f1be0a7b33386032d,0,0,0,0
0xf90e873c4ad68d51022b5e58b28fbe8dc750c88b,0,0,0,0
0x5148be101bb1cb03170c6844c804083553fdadf6,0,0,0,0
0x99689cc7100a50c29b26c758111ff5f8078c70fc,0,0,0,0
0xa23699ba65162a91deb41238f2d6851d07efc908,0,0,0,0
0xf60b822d9d07ae4f3dd31e675552329c465477a3,0,0,0,0
0xdcfe447812a20a59cea49204ee6137f018996155,0,0,0,0
0x171c2a0edd40c01053aafb2e16ecd9b06ad898ea,0,0,0,0
0x7f9e3430880580713b03670046c7e89a0a91403b,0,0,0,0
0x1225e70f91d7b8810aa6b6eca4b4716a955774d7,0,0,0,0
0x219a4c17e534c509f705e5bdd802985bea13f5e8,0,0,0,0
0x1aa6f1debb5fe6d13afd2e67771b79ac7b297ef1,0,0,0,0
0x9a3c29afa4af4550f28c2fe7d2998d2e9c63deb3,0,0,0,0
0xdedd90f8da966276ab759bd1c85c3bc28fe473cf,0,0,0,0
0x7443dc8d1af701207c8202cfa284b2f45002e7b8,0,0,0,0
0x200be6531392ddb271a029b02fdd07c3873512f1,0,0,0,0
0x3bb0d0fc31d5c8cc420150ff4d76c8ab10333c88,0,0,0,0
0xf23ccc1b03da10809f8d0e9c6d8efe51447f4604,0,0,0,0
0x2452064da9d6758ab9d9515798ecaeb7b012d4a0,0,0,0,0
0x9aaf06e396439f2479a47bde3f14935f366ebd43,0,0,0,0
0x132cbbeb9eea79af48e458a5a745f65b1061f674,0,0,0,0
0xa6b0f91e3eda93db4266416cc43ea4e35149d0df,0,0,0,0
0x2d2fb1747d9503610b1fc39fce10e72b7ab31198,0,0,0,0
0x90102e5e385d4fc9d0f374b47352c0603823e017,0,0,0,0
0x338ceefd4cba151c1889bb2ad93faf732c2a195f,0,0,0,0
0x93b79deec282aba4469c2f96ca74bceebb77fb6a,0,0,0,0
0xafce2bd26301597f9ff1a9bf79dca6beb32d919e,0,0,0,0
0xb45a2dda996c32e93b8c47098e90ed0e7ab18e39,0,0,0,0
0x661d4d4785c302a56d7cb8a92f130d319bc25e4a,0,0,0,0
0x0702aaecefaa1d20c63e3f214f474d019feff80f,0,0,0,0
0x91cad7447aa3851845a4d6f639d729f7327e4e7a,0,0,0,0
0xe77ebdb0ec1bca56132217ed4b0a0116f5a044d2,0,0,0,0
0xee3e577547951f803c0704c321087f0836136cb0,0,0,0,0
0xfadccb52f00426588d219a75d76a6564b7e8001a,0,0,0,0
0x71e3a043a1f3a16e3868a9de92161e3972d33312,0,0,0,0
0xbc4cd64e456a7752a04c42850255127b2849c0df,0,0,0,0
0x54acfdf280f34b0f638a69e09e3a3562a82c81f4,0,0,0,0
0xf7e19882b5f5b27b0aaae9f29e119275ffebbce7,0,0,0,0
0xbbe50f03585f0e44aac6bd7cb174520de72480ac,0,0,0,0
0x897dfdda3905ccf8dc08b3760798e31d5ae252f4,0,0,0,0
0xd3bf5c81ff43e8e5def0b37e5e83cc0ae34c2b09,0,0,0,0
0xbbd6bd5935d458cefcd1e16e6e0686ecb7605125,0,0,0,0
0x1c9e3fff5613af087adcf2f6aed04f97a5ef0079,0,0,0,0
0x0f42d9b9831c6a51533104c2de778b89ba0392a7,0,0,0,0
0x060479360f3797412a921e219904c3bcfe0eba4b,0,0,0,0
0x5796d610e1d94ec06b8e28f0e19bcf002115c6bf,0,0,0,0
0x98f66c1b103e46f855f1ad17c5c52286d5fb7cdf,0,0,0,0
0x831d9bf78a4b054e0e3dc882ea76cf04e27535a2,0,0,0,0
0xba4477f786c26fa5cb0520191e872e46a5392645,0,0,0,0
0x86c1702768aad12c8ff63c52aacc22786aea7424,0,0,0,0
0x92f738223d3f41abf9ea3b216a6e31a83b3a64ad,0,0,0,0
0x379ef1917abdf5f04f05f88a5f0f162c482a304d,0,0,0,0
0x54c55369a6900731d22eacb0df7c0253cf19dfff,0,0,0,0
0xd92127901df1b4bd1e4512864dc306587b22c770,0,0,0,0
0xda1710e5e455f0ecfe5bd88bdc6ad18c0ea1bb58,0,0,0,0
0x8261f215b09f6595a66c251625c24b6f52857195,0,0,0,0
0x6ffbda5088581fde055f8bb8e442cd5654076d01,0,0,0,0
0xdd5afb1b0b002919c2de3b5f03bba39aed11cee8,0,0,0,0
0xb95ba135e9c0d5317a40a017914da45d8d6f122a,0,0,0,0
0x72e8a327e70eab594d1cd5a57a4dbc667ffdc65b,0,0,0,0
0x7060d1e94476123d2262ed441a2c00bc6a856569,0,0,0,0
0x244afe59603c3a92e199dc2694a78557f4726908,0,0,0,0
0x17a05b6acbef05d0af35fcbaac408a758271fe77,0,0,0,0
0x95a428d6cfd675a38a13c2db4fd5131a0bed535a,0,0,0,0
0x267201ddabc6c7707cc82d22aa1adc554303f9c9,0,0,0,0
0xb8609a16f6122915cea8510b383cea13d9cea073,0,0,0,0
0xc4685f752dc5142cbf2402da85be3ef5e66eabae,0,0,0,0
0x75af7d7fb0d2db4f583520d2970a580c38641c25,0,0,0,0
0xcf74867f7fd40c6099783542599a73051919718e,0,0,0,0
0x9d9514173274062ac294cbcdfbca1612d3d26c5f,0,0,0,0
0x671f3a7faab4933888f1a59cad2b3ff8d3606ebc,0,0,0,0
0x2e7b24db89572674c092691bc792e08cdc5a4352,0,0,0,0
0x9730155214fcad09a4a002f9ca7f9dbf3e706cd7,0,0,0,0
0xd9468f7bab04d6b306e9229aae69462a3be2ea5b,0,0,0,0
0x7d7a5bc3c4f2ac1068a00c85af1320d7bb0a2cd6,0,0,0,0
0x76d57fd638910e8e380a26badbad2f1084e4f745,0,0,0,0
0x8419ff234dabbbcb9fb47784dcd2dc6878e11008,0,0,0,0
0x53bbd46e74096e067620d32828ef316b2881b16b,0,0,0,0
0x19c20d36c02a1a27125d638f3c16d04aaff2ceae,0,0,0,0
0x18f8be3e0cfe0c71f972e2ece0e8dc83a4efc142,0,0,0,0
0x5be948c2ae5009162f135b37bd70b3f056454016,0,0,0,0
0x7d5e00c155b1e061ab7e760d1ee9f0b65561a223,0,0,0,0
0x12b712d00d8085ce99d222d7985b80c718a1f474,0,0,0,0
0x22c47d59ca453c770f607eb5516c6db813ea1e1b,0,0,0,0
0x95982e9866dc285ce90f2c1e6e7af9b961649f5d,0,0,0,0
0x9798e34e2fc7e281a9793c0c6494931a2407beaa,0,0,0,0
0x4799a34e79b53c52794a9dd76ec7c599be978536,0,0,0,0
0xf69f09256de45d3af018c61906ccbe13b97f2948,0,0,0,0
0xbc7a81bdf302c308ac62f1baa8ac7093ec451c42,0,0,0,0
0x5757f300e85d9c47eb4496de6d2b1efb3daaa25d,0,0,0,0
0xf919dc7019acb0a730e0257da96bdbc9a8c599ac,0,0,0,0
0xb4957743695a92d0c61bd6eea2f88d72322c9dc6,0,0,0,0
0xb956cafc8247f5ce2b6642a4355eda020715ce84,0,0,0,0
0xfd450475e7ea218a9d5cea81c6c01c368d9b11b8,0,0,0,0
0x2dc84af695d2815d8e56828a1fd91e7b135df6ee,0,0,0,0
0xcd448c76ffe2781ef53d5c13d400c14d17301a2d,0,0,0,0
0xb4bc762cac4fbe8379c8b32d44bfdec4727e6ecf,0,0,0,0
0xe40e227f5bac2b9a1a8db28788c20fd192d44832,0,0,0,0
0x6a80956306a0c0f9b464027acfb50fbd4d15bbb6,0,0,0,0
0x0eb80787b19fa5afb41145fc96021f95a71c7ec2,0,0,0,0
0x4671cc043d1bff9f3ff7aac9d035ac1a7b0a8867,0,0,0,0
0xa8cef6dd22cdec494c6611aca791943167e12198,0,0,0,0
0x49b56c2d46e38487b6660648f8b3e38ee4bd6a93,0,0,0,0
0x9feb2160f3ee6084917b6b919cd21f8114060851,0,0,0,0
0x2c35877cb48f89d4fea9aca1aa85d0f3e67f662b,0,0,0,0
0xe5231ea4d10bb1fab2e1089eb9e5cdcab2ca2c00,0,0,0,0
0xf0a9c98e2238dff27a8bf3e472ea82503a0a16e7,0,0,0,0
0x0e81cefa984397453f7d89f5ea0be039f9dd6f24,0,0,0,0
0xc14597b5d18902086323925ca2c89289e9c02693,0,0,0,0
0x2f2dd99235cb728fc79af575f1325eaa270f0c99,0,0,0,0
0x0088c4ed9fe46b7735931f7c61bb4b2a096f28cf,0,0,0,0
0x19786cb8bf8915725beb105a7a9ef8e1eda9b53e,0,0,0,0
0xbfc90ad446a125855d3e2e0e1068f3d92d7db4e2,0,0,0,0
0x6b3d817814eabc984d51896b1015c0b89e9737ca,0,0,0,0
0x37b96a9bfb1606e7aafd7098a6a32adab6bbb8e4,0,0,0,0
0x73a6afd8e134d683c3401db5763474e83ea22381,0,0,0,0
0x13fab931b59fa6634ae0c4f224ffad57cfa0e379,0,0,0,0
0xb65f061f3d34fb2c4d37f1017f8736435686cf51,0,0,0,0
0x23d35e5081b0e7d31c6277c5dace177feaf3e7fa,0,0,0,0
0x9084ac2ad37c6dc9b01691e45849b27eb0455bf4,0,0,0,0
0xa10ffeb0e0ffcd2846d4ec1b93a71fe1e7836827,0,0,0,0
0x5734e120d767745545a958695edb98aaf296cccb,0,0,0,0
0x1f4b3c6dfc434a912ebfe5b7a7ec82ae7da6060a,0,0,0,0
0xcee10aece4033d4e38c99f5f544338d7c927f231,0,0,0,0
0x26bd1a2d21d1d0f796067e751bd9145bd3bd40d3,0,0,0,0
0x2c975194ddd6ee1d7b048a3413a43838733626af,0,0,0,0
0x216aa5e0f17a5c25cbf1abe2a76d3ac4c3292d2a,0,0,0,0
0xbdc481cb0aa67170a741de6ce5529f2c68accad2,0,0,0,0
0xbe83e7db6c6fb4f5db4f22294faf3868ca443f2b,0,0,0,0
0xc4527c4cd27483bef46ce14cc6e28651aaf905ee,0,0,0,0
0xf095b512a941018746ee76d4611377bd622a6f38,0,0,0,0
0x6c51d33068de011075b8acf3f298f2d6a65521a8,0,0,0,0
0x7ff1f79fb02c44c2303d9c2531177f7dff2e3b10,0,0,0,0
0xe445789a84ef8e1a4ea67b1ae2acae573a207851,0,0,0,0
0x14d8ad0b9f5d703b8cfe277caf4c373a6d37b1a5,0,0,0,0
0x64d77eb9d5afa6df5c300c591c6364d44ad30e43,0,0,0,0
0xa2f2f380fdf00fc4bbc75b5930a434409c8786df,0,0,0,0
0xeea4b07adc4daeab02966efd927a50f09c096ed5,0,0,0,0
0x7cf847da1863c4873f4e870a98350ed1052b9c4b,0,0,0,0
0xe927c8edbc892811a5ec245312a77b78bf631708,0,0,0,0
0x47444dcc704c0cfcb72bc5c4586117d9690bac0f,0,0,0,0
0x3961520b54f9462a7582ce624c73d77113dad8fb,0,0,0,0
0xa2cd74d34383da20f9dd065ae4377e7324bcf708,0,0,0,0
0x28b545b4d3a207f1d678cb983a0e29cdf391e70f,0,0,0,0
0x7c3aa3b18530ac85cfbbc2ca85a6b1687a5e25df,0,0,0,0
0xc9dae1cd649558f297b6da5fded0147aca5e259e,0,0,0,0
0x3eff5aa75998cf2efe59ac9736f594a2d28ff77e,0,0,0,0
0x309ba9ad6621956e332984f3575a12d74e26798e,0,0,0,0
0x000000000080bfb4319a2d940140bf073cac846b,0,0,0,0
0xc46f8f789dc56acc09a5fd2cd408ee3f1b5699bb,0,0,0,0
0xa0bf56ad562fa5fbb2a0784b1ac44c72744f1f7d,0,0,0,0
0xef72c58a57eef333a923592342b91f7621a186d4,0,0,0,0
0x824cd8c941d7580166ec69782087833888d27f66,0,0,0,0
0xfc63ce506b8214044fd02b275704d3b84a207344,0,0,0,0
0x4dde4465181d9ddf95252ddf22ee771eb187ae86,0,0,0,0
0xdff4d8cfe709d1b5cd8921729a4baea5939b6c0c,0,0,0,0
0xa6600c45ee012118fc2e5bc9b2547f12ab0e4bf7,0,0,0,0
0xe573920287f9504f478d480858257a4e30664486,0,0,0,0
0x0d303264c72b39a1d1c4bc226cd478ad62a46afc,0,0,0,0
0x1111111254fb6c44bac0bed2854e76f90643097d,0,0,0,0
0x717104c3068c32bc5975e7c9a609625f7366e352,0,0,0,0
0x6452337f70f0ec576de0c091dcf877251ec0ab33,0,0,0,0
0x606dd1eb09743a819bde3e0160066c6cdbad8627,0,0,0,0
0x0000000000001b0ead393ec554c5230004590aa4,0,0,0,0
0x4a4b9987ff8f41b67fe38b3c977415cb3f815f3a,0,0,0,0
0x56c75efbea006c0999deb80aaaae5fafe60a31d0,0,0,0,0
0x4e4e7870cc48f815b310c268ce096d901baab6ed,0,0,0,0
0xf11d632d9e3fc469adb3230e6cfa4a90354d2f11,0,0,0,0
0x9e83a125daa1638f2c618208c797cc1728580f99,0,0,0,0
0x85ea6619899218573f6dbf32594b871b495d0af8,0,0,0,0
0xaa58de4951995572ddddb74acfea3699c44ea00b,0,0,0,0
0xdf3a31e272993ae43ddd974f9854379c56e8603a,0,0,0,0
0x6eb2c7d0810ebdfb9adc441a2e1552375955e7bc,0,0,0,0
0x9899825b2814087b201e7661b702d346963ce98b,0,0,0,0
0xc47dec7ffde829043b91e904fdaf1e048bdd482c,0,0,0,0
0x1c95e07668dbda0eafa433d5bce1f1c2231c0fab,0,0,0,0
0xd126ca31e36077602daa5e6b767f7d0fc8667cec,0,0,0,0
0x6c6988ee50bbb6f0e77f4a0105558cf53971cef3,0,0,0,0
0xaad435034d85918090f3a0fc6627aae38fa343a2,0,0,0,0
0x7fc06a829f155f2a1183fed20f1fc581754e029c,0,0,0,0
0x0cee410dc4ec53b2b0e0d7c45ea29bef9a451a9d,0,0,0,0
0x958b281b3dbb643eb782c693456b89ca9838d114,0,0,0,0
0x2417f48c5ee1976b05637d4553469b480e3cfc2e,0,0,0,0
0xd6ca481e55fe2ac1fd5011a330a83d923f10d1c3,0,0,0,0
0x7fa3394828570b87d51afdaefe99bf1505142036,0,0,0,0
0x0fff3692745a4ea79a90537e60065e2c676b0eae,0,0,0,0
0xd3c8bcf9b3699381fe976f8bf25243c39425f658,0,0,0,0
0x798cf29f567a3e56398f78f48a5096e8ba0cf12c,0,0,0,0
0xd16a9c5417decbba07e1d9260b2dc99abe6243bf,0,0,0,0
0xb66e6b2841bcae990e72d377bfbe12560a58fdea,0,0,0,0
0x6f79f844b26a6f42b9b031d940015f6881bd2c3f,0,0,0,0
0x868f027a5e3bd1cd29606a6681c3ddb7d3dd9b67,0,0,0,0
0xddd32528b79660238abb1d38ba3f1ea052e4b327,0,0,0,0
0x6f490372cc4fb4f5875c95d7df30fa4a741b88e6,0,0,0,0
0xbd4b5e8bd80ed74299f15ba70b9d8a7d1635e366,0,0,0,0
0xdaaf3671685ab01958fed18e348dbb8e5070216c,0,0,0,0
0xf10910e61d7a1795ca4888739fab6d646423fc17,0,0,0,0
0x3ebe43250722cc462abc0e61dfda6a5bf5ddf534,0,0,0,0
0xa12bdcb79e7d54e21209e0380ba7354457092934,0,0,0,0
0xee75384a29f3f83f39b51f201fd546e7af610b46,0,0,0,0
0x72dbd9815f8cc7731353668398c9beb82c2c44b6,0,0,0,0
0x0c753d7fed1b75d804c6ee94ff49e3ce60f73f97,0,0,0,0
0x0839388e96b2396d79bf9da9b97afdf0830f231c,0,0,0,0
0x363a47c5bfaed73ed8bbc59d55178c2258f60a6b,0,0,0,0
0x4885ee9007fd68bee1b7513e565023de056467e1,0,0,0,0
0xaf6916690373a3ad3e0cfb41cacbf02f0e9558ca,0,0,0,0
0x2f3d7aa35e3c680d1c8a2edce1f0b9ef48fc2940,0,0,0,0
0x639d8e4891f21fccac6788a08748d60e123a317d,0,0,0,0
0xdb0fb884a5157329e47273ec74085442cf63320b,0,0,0,0
0x7295401b7f95c128752eb72058964d30a5c8cf3f,0,0,0,0
0x6e1f100b717bf1412b14a218a88d663b48d61200,0,0,0,0
0xfe89d05cba0a3e60306f7c1e91cc6a85fdee9110,0,0,0,0
0x1da9c55de80dc313ca5250802f795563f1884def,0,0,0,0
0x2da7fb93f036ce21be35868e916d2a78b6d4bfa0,0,0,0,0
0x0742db2e48a615de5ac2aec992a281e3e34f0bec,0,0,0,0
0xc72c6d06b5a953d2db4ff19058692c295d7f5560,0,0,0,0
0xfe543300fb4b4c18f2e8176d79f5083cdb5c35d1,0,0,0,0
0xfff999d7bb760ca92a7f8551f7a1783875601722,0,0,0,0
0xbb6224371d95dba2178c5b5bae8a585d7b6eabb3,0,0,0,0
0x5802886fa0e11afb05fc6d2f9314283ef1dae48e,0,0,0,0
0xc31a5e2e6ef1a2928e0d7b50b38d3fa71ac00139,0,0,0,0
0xe547b7a0e7d0ac88253fef7db174f0d3662fc552,0,0,0,0
0xf1697ba213690a7f991bef2352054018d9d262e6,0,0,0,0
0xa19d2c7756392571e2a0fc7aa3c3cab0cef00442,0,0,0,0
0xffd123813e41a951f2bfbd6077cab057005464e8,0,0,0,0
0xfeff9c14a4fd59e67b48af1e80a5aaa991f2189f,0,0,0,0
0x71192d086c620196a889c5ac64e4a275198c1e77,0,0,0,0
0xf18551e6719845e35c0079e3c85bcd2ad5e1c836,0,0,0,0
0x210671fc5b72f9a0600638a7cf2985d20c59aae3,0,0,0,0
0xf26fec40c5bc3513e845e0197e3ac9d95a677b05,0,0,0,0
0x000000000000e1c1468bd432d570daa4ab5bf246,0,0,0,0
0x7d19acfe4e0d3fb290ca059995839e4d19c73a29,0,0,0,0
0xdc8ef549ffa46514a44f976181726d13fad20440,0,0,0,0
0xd66850143d9bfd3f7cd5201c0e6abe3071b50ba3,0,0,0,0
0x84763a6dfd8eb6ed9d0153af30218d4857da4033,0,0,0,0
0xbcbe92204013368139e651b6b48973c2bffe7033,0,0,0,0
0x16ab1a10feabdd44eacdd21a5fc31ff1a747d05d,0,0,0,0
0xb1c687a92508eaeba96d9111c922dd200e08992e,0,0,0,0
0x452cca7b494e9b152f3ad6dec1a582843bd6dd16,0,0,0,0
0x62b7ca5cbcbcef710e826893753c0f2c8f27165a,0,0,0,0
0x4632105acee0f4e11a1c5672da9c839dfd5857c9,0,0,0,0
0x30cf7dd1454a51b3ae8fb0a35f4a6166ce808b24,0,0,0,0
0x48175f6a24c75e7e0008be2a7b58d4bb1cf72b9b,0,0,0,0
0x6f54ceb8c7b727b15159b63f020ba76c39ceb7e3,0,0,0,0
0x1631ca2b3ace8e75e08d0329ae1933707a0c19f3,0,0,0,0
0x20ea9d3b80d2e86da93ff9b45acd738c83694b37,0,0,0,0
0xf0da2086122baa5f4bd11870e954c859299ba7f8,0,0,0,0
0x0000000000207ef9a839b8d9cea6a77afc3cab83,0,0,0,0
0xbc1bc26f33b937f82b8d2831744ff133f27d6574,0,0,0,0
0xe7b09d924b0dba89d812c0bcc767aa306137ee50,0,0,0,0
0xf598ef7a5473dfc91e2ea9fcca5d3e8120a0a1fb,0,0,0,0
0x8adfb9e4cdc2efb353f3a0f98ca6c7cceb4cec96,0,0,0,0
0x35b4a074256f92612806d998369240963b5c1190,0,0,0,0
0x5823932ebc44a8e458d1779bc6486fe5d0bf7b26,0,0,0,0
0x0a6cc29075f8836863a68fd2e751ad1ca8e1a017,0,0,0,0
0x90b37dd424e1a531a3fc9168daa407f660e92082,0,0,0,0
0xb724c63eaea41e7e6c95101da8a8b42c7491e640,0,0,0,0
0xc906e855b24817e42d381b8339b9773e5f53b7a8,0,0,0,0
0x216456d519c9515ac551c12024bd861283f0e11e,0,0,0,0
0x1d55f49d756abb8f3647ae30cc54279e0087b3c9,0,0,0,0
0xb0b0b7eea03e16d77f92705ffced51996010ee35,0,0,0,0
0x4929cca28077bca2f94691980631937eb04999d2,0,0,0,0
0x8467db1899f5ca971ec1e08c2e8759a6d449d4fb,0,0,0,0
0xa362d768187c5ebefecf4fba3132e51c908d7a6a,0,0,0,0
0x0e7306cb9c01708778533396fae9d311d3bdcc65,0,0,0,0
0x210f1cf72b5c22861818676d364c10a5f2a7d4ec,0,0,0,0
0xf6231464d84243dd6b45c77351372f9bf9313427,0,0,0,0
0x35e6d50bb42ebb158062af2b2365e1b338652fd8,0,0,0,0
0x91b12c04ba95cede8e7cdd1a17d961cbdfd2e00b,0,0,0,0
0x6f1b36f8ebe8a25dea7abadf0c08333ceaa57159,0,0,0,0
0x7417fc338f6f92a1ac57f7fafcf7236e972bc5f4,0,0,0,0
0xf4ff404d8761ffe519aaf2ca47db7b793996d2a1,0,0,0,0
0x67201ecf4fcffe25bc982c1358870b52aa5b27d8,0,0,0,0
0x1a4770c0d25d31663205aba58344c45ad67db910,0,0,0,0
0x06a2355fe6f2e93f3177be26df5926211e9dd462,0,0,0,0
0x4d690ee087e76a49efc35b8314cd4307ca60673b,0,0,0,0
0x1f6f6e1b9578114e929d80154f85159bca9bcf69,0,0,0,0
0x8e873295bbd09110f71d2894de549b97704dece6,0,0,0,0
0xe51778003cbf824beca38fe8ad5ca8345b42ec1b,0,0,0,0
0xfaa2b9ba35f111446b1a5de31ec856d9456d028d,0,0,0,0
0x03a0c20b0bdf4fee3be0583548cb0570836ad7dd,0,0,0,0
0x01fc9e048c64be7f5f4a5387f17daf51b92a3af1,0,0,0,0
0xcd67cfcc79484a148e7999e2da496c03102f54d7,0,0,0,0
0xdf32e907390f7fbe3dbd1adca57e04724f19e38a,0,0,0,0
0xb497b40b3fa5961027f9cb9ea9c2e059d92d6136,0,0,0,0
0x03dd5dcd98a236f40b8ed556ef65b6b0a8d970d0,0,0,0,0
0x8f1ce34de1e56079d4ea9d73a0199c24183af64c,0,0,0,0
0x88f8ccc064ba2d39cf08d57b6e7504a7b6be8e4e,0,0,0,0
0xb7499a92fc36e9053a4324affae59d333635d9c3,0,0,0,0
0x434642ea2c6e2ba71fcbbda928a07bf5107ae18f,0,0,0,0
0x1daadee6a446df94347d09fb4041ea8d1a8196b2,0,0,0,0
0xe7d4ba175fac37f4ababa09b639966beedba9495,0,0,0,0
0xf3ccbb191c4fd7b399784c6ab7f74ce003f524d2,0,0,0,0
0xae5aa8cb584e3f357e68ce5b843f5ba3751a1204,0,0,0,0
0xc9dbec8ef86ea9b0a6015b4f95de9985cd4fa4fb,0,0,0,0
0x44d9ac157439e272da00fca512925654cca256db,0,0,0,0
0x80ef6216102c5041fa684867545b4bfdee232586,0,0,0,0
0x15d605209ef2350eddebe7b935cc565a77aea5f4,0,0,0,0
0x937d62251ca38a6e39bacc4f910b34115ac828c5,0,0,0,0
0xc8a02d8d7c42337f24702d3a02be338b2b1ed3d6,0,0,0,0
0x6dbbbbc361aed3b6648ab166e1872d9697218e76,0,0,0,0
0x57f1bdb366c48bb2b3603b05c9135f9b73d8b9a0,0,0,0,0
0x9e312a7505ee767059663b4063eb774c048773da,0,0,0,0
0x02b2a054522cccaf6bfb8fe3f7dc246b4f916f36,0,0,0,0
0x9db092cf5c659a5c295c7e7203ee2cb98755396b,0,0,0,0
0x6a9eed97bf83ed53ff88666c0bdf3a0fd72e29bf,0,0,0,0
0xec36d0b016e5c28270266b388ffed6645dac3583,0,0,0,0
0x09d4334886689e1e2940749acd25ba6f38c37549,0,0,0,0
0xd0aba57a97bf21c5a34b9baf78dcb743380a8972,0,0,0,0
0x0d05129d8ddcfed67e92c223d6e08c52207ad8b8,0,0,0,0
0x79a6addab43684204dd32ba3284c5f26b0492990,0,0,0,0
0xfd6795287b673b9a082189f982fd968abfb10d7f,0,0,0,0
0x5cbc3b3a248820013f373065e26aff23badd4dbf,0,0,0,0
0xcd530fe5dfc7475d6bcbd7543d851f61bd9e3a04,0,0,0,0
0x7a5ce2e6e56664c96e4254ed7a5a2459de437b02,0,0,0,0
0xe508a52812851d1145b01c52449573ee41d48522,0,0,0,0
0x4fe871effa9b12ae2595972a6cfcc8b40e9a3f8e,0,0,0,0
0xbbf1d7920786525950116d66488d1d385c194440,0,0,0,0
0xcf257653ed0751d1bd0f39f0cbed674e039fa745,0,0,0,0
0xdc4c35e0e89c76b06ff10c72844340a247777777,0,0,0,0
0xd2e0373ca843dc9cdea25d87eead46bce2632c5d,0,0,0,0
0x3a3421f7d6c7a6c51f514db6afa497421f585bf6,0,0,0,0
0x851e578208a02d411da616669fd04c50df4a997a,0,0,0,0
0xda3e9df0f02056bf7822fdf4ffe912a26c49fa11,0,0,0,0
0xa83e3ec8f0b656463856cfa47d25fd83b48f80fb,0,0,0,0
0x8ba617145dc30296c894f47ed5d1fa07d8cce6bf,0,0,0,0
0xcb1473dd83b71ce893e0cda16c135eefa0e0e060,0,0,0,0
0xd2d3df25f7bd60639b31147e38c8dd2235cfe227,0,0,0,0
0x6ddc37c2f037143a5a955d2ee66d7a97aeb705c6,0,0,0,0
0x2750221ab413df4a3999e30c0ebf237cefde4a1b,0,0,0,0
0xb88c5351ed0f77378650dd941778c21554902a67,0,0,0,0
0x4f93107e7f035a507f8b0858df00406664718a78,0,0,0,0
0xf2c0ccec22325479e72ca137c95f38fe03290b05,0,0,0,0
0x2be6d72f19bdf6345c91241479d73e5f66b6155c,0,0,0,0
0xae35552203106b7070ce0bb1589aad14a1cdf06c,0,0,0,0
0x002881c41630080238873be6af6081dee16752f0,0,0,0,0
0x82a970036707da728ace205e44875ff6d8c599cc,0,0,0,0
0xd9e4a844aac13b0c113da506b0b9841a5ff45839,0,0,0,0
0x9fca7b085a585d34f258802723e09c126086b131,0,0,0,0
0xced5c647c2cd74861b783f3b0be47f7b2bde5ff8,0,0,0,0
0x368d7b46de7d4ecc5ef605315bf9cb96261800ff,0,0,0,0
0xa8e892f617f286e82c779b388352bc9881d0edbf,0,0,0,0
0xe08aae18a774f83f0a12dd36a7cbee513b80c55a,0,0,0,0
0xcb0d4e021b66cbe874629cdcb00737bd2fb3bbab,0,0,0,0
0x568ad3c51e1b09bcd4d1a698bfb5756ae745afbf,0,0,0,0
0x44fda19233f41c1bc282be5af4602b4145093e5b,0,0,0,0
0xd4be109c7c7a83c91411df8e33ba5388ef766cc5,0,0,0,0
0xdbecffc96305e3b9ee997504ac102f334ec2abab,0,0,0,0
0x9e17465dcbed4a605c14f6531b54007c81b997b5,0,0,0,0
0x07a7705e90bbe1f9c41fcf094cec26ab44458b27,0,0,0,0
0xba293c27c53989fc7d32ab2a7679ed4e795dd1f5,0,0,0,0
0xe9b8d628d071be5517b5ba15a9e5cfeeb60f0c29,0,0,0,0
0x87805983f1b3cca467660cae8badaca95ac13acf,0,0,0,0
0x9f290429df0b3b7b7c4f24b91768e7879a97af19,0,0,0,0
0xb661219565108471e5d06f475375a5e9321fd966,0,0,0,0
0xa79af0f5d0f1e9793ab4032f6e2a0eee36b9cb4b,0,0,0,0
0x56a4cc4f7c35ac0a57eabb1710c7227e9b430018,0,0,0,0
0x7927f51b919830082f9634b2e4e88fe1bba6d040,0,0,0,0
0xf92ee8e8c1fb88321d7ec6f506a4a0e8e7bfe672,0,0,0,0
0x7d2d4c048bc7ea147c9681fa24b170e2b6a5b470,0,0,0,0
0x578a72f1943994ca4aadb70a6a4866b84416d37f,0,0,0,0
0x4deedeb6a74fdf22af5c8e91737bf7d4f586239d,0,0,0,0
0x818416066d4a69c05046f6f2d43d50e50e46b6ce,0,0,0,0
0x7e75a7fb231a9d118ffbe7ac7b571dd694adfa2f,0,0,0,0
0x3e9f426c0f131bbb690147bfd59cf95b51bad3e5,0,0,0,0
0x53642adbea18176eb890015f8cebbfc27805b261,0,0,0,0
0x2d7706520284d0d52a598cd4aa6858fe164a3a84,0,0,0,0
0x69556a29072d80899a556c2df8daa864d15a8234,0,0,0,0
0xa5368751ee61c97355ea317b81ca9356e085645a,0,0,0,0
0x894489318ade47f0c1fffce7e29fd03f57d8e8bf,0,0,0,0
0x239f750a50b96907a47aaa16de3eaaf78c0fec2f,0,0,0,0
0xd0f88e0c37417b932ce6b9aada99c92f0e168611,0,0,0,0
0xaaf0eb7d49cddbb8d6d516689b9427cf69239c9f,0,0,0,0
0x8893209d9f8d0a55f311c24585d9cff2b3990947,0,0,0,0
0x665e0b25681eea2e1e5925045cbcbeadcc1e2bdb,0,0,0,0
0xd4c4a7c55c9f7b3c48bafb6e8643ba79f42418df,0,0,0,0
0x8adbfde13bfa04a1541308d0fff86cfd2af6f80d,0,0,0,0
0xc0a8d0dd630e049d8a14a5afdcec5bf96723eb07,0,0,0,0
0x6a5feb792575f1fbbb45bfca0df96cc2eaeb5cf8,0,0,0,0
0xc53a7dddff2b4a61ac3818f602bbedd6691040c6,0,0,0,0
0xbe342f7cc6ca5efc8425e377ddaa1be4fc679e42,0,0,0,0
0xe8b97185fe7b8fe6427b0d78c2fbcbd9f40e8f14,0,0,0,0
0x26162511a155a4491c254deaf6c289a743cb4512,0,0,0,0
0xb7926d977476bfa3151e44236f1ac2d3928a47d7,0,0,0,0
0x617d8615ab5fcdcd6c03fa1291173976ed804517,0,0,0,0
0x0cca2966720e68735ed801aa7820ce25e33f5b19,0,0,0,0
0x6496f5fc142ddf554b8ef02ffea91d6bec12e443,0,0,0,0
0xfa443e59122e9e95f81f4ba7e0333ae1ff593d6d,0,0,0,0
0x9f15ca7236529bd3e1b9cd3999362709bf18c8fb,0,0,0,0
0xbb2496c77b9cb79a514bf73b0c47409ea7833d3e,0,0,0,0
0x0cd5bbc179c75a66797873ca0cd62d3295f33e58,0,0,0,0
0xc36dbc56feaef6bafc5c974017ff003489a3bd14,0,0,0,0
0x908abd6313e3bcedd6c6fb0c30603ebe68ab8c23,0,0,0,0
0x5c39aac912170f00d02286bcf95ef9031d10cde6,0,0,0,0
0x4aeef21f9547888013f109c55a91947a8df81c32,0,0,0,0
0x70847c777bdd1b9d3cd0a3640800e5bd9cf6aff2,0,0,0,0
0xad8262394d4645d1d33ab3324e867a0d2c6952a7,0,0,0,0
0x2f751849ecd834c67e990d5c47a6df291637e4e2,0,0,0,0
0x5dd4cd94889c6a9c257f7e30f43e26470aa7a2e8,0,0,0,0
0x62336520c6ee3338b0fef00ac42357df5f6bbc1b,0,0,0,0
0xf0f2908b19c9cafad5183573d3b7fcb89c2f84f4,0,0,0,0
0x4073da3666808dd3bb7c89a899c92afe7d90ba7c,0,0,0,0
0x114f93cc00eb36093610d043699cb73fce0fc371,0,0,0,0
0xb4aa8851b7bc6ff1c2625aee4ba2d17c1e00e544,0,0,0,0
0x4fa81fa977b7ec29b24c630d5b9f9134c11aadc7,0,0,0,0
0x969e4f4d7cf93567dc3a852ca291e4c81d4ae357,0,0,0,0
0x3a806338d938424e6a5ab7b9432ddc63518ebd7d,0,0,0,0
0x7ff420eb76d5913947fd0df03910963761edd7c3,0,0,0,0
0x527810d4bd23d1d929297b5b86d26433005e3e7a,0,0,0,0
0x377b956cf123fbf9a2ead6fce30dbe947be4a1d3,0,0,0,0
0x9b3f25b94b2234ab19ca624c8bca1d96231d475e,0,0,0,0
0x262e28baff9602f574d877ffa0fa6a0c9c0a1ddc,0,0,0,0
0xe16a6116b64f2d14cc39256bc71328512329147e,0,0,0,0
0x8a5f1b7c388f3c9de705fc08c49eb0996c51cb2a,0,0,0,0
0x5ccaa58ece4ba4c702e48b847a6cb08232e79003,0,0,0,0
0xafe95d9b9bba573aaeaa8afd1435c9cbc437e848,0,0,0,0
0x43c87aae319bd19ac35d062967434d905b7875ce,0,0,0,0
0x0cab19b2e52dc6c175b7c4d6280e98a892b30764,0,0,0,0
0xd77a679e16a8d22d5839a0bb3109c753c5bbd682,0,0,0,0
0x617e2680830b3d55ed25a87f72dbe93bcdede336,0,0,0,0
0x6ad0f7e6f008fadcde9cf73b6819ed42359bbca7,0,0,0,0
0xbf23d575a5be7286df07cb08ba42d09672c131d8,0,0,0,0
0x0f5090e5290c3de2cb6e9a7472b3c254dfff74c1,0,0,0,0
0x42e40e563dc373cb9a4599b371a971300618739c,0,0,0,0
0xacb9d6ab0e9ea2433738d682a23cb177b676c5bd,0,0,0,0
0xfc724cd999c5df1322f9b31cb0c6b7bc2864af7e,0,0,0,0
0x605c64d8596910ca5ce8d416c551fcfb0ffece4f,0,0,0,0
0x1756119728b95ffda73d61809fc98cbfbed27636,0,0,0,0
0x0b5a721a81c9788343aed6d2a07463234f178c98,0,0,0,0
0x6f2f9bedbad348978215c2d7a7a2583dad895f25,0,0,0,0
0xec18718c94ab3d3cd946ec9e50be0a10ccf5efa1,0,0,0,0
0x8bc23b8684dc1df07eed87cfd3f0b234a137c5ee,0,0,0,0
0x057504f796f014d291c50cfa7c225a9b4faeb3ca,0,0,0,0
0xcc9a2c540bea6ca4431c1e4c2b115c44bae3367d,0,0,0,0
0xb0a3e6dd4346b205729cb29cd2a14d303ea85a75,0,0,0,0
0x4eed8d4686f040f4cebda24b46575ef750c62a0c,0,0,0,0
0x8106feb042584b386536b0385549f2bc19b30649,0,0,0,0
0x68c9442a0f133b67498231601667983d5dc4207e,0,0,0,0
0x08d32204ea8e1817616137fbf67c5484cbcc87ca,0,0,0,0
0xdd1161dbbd4315672d66ba74f3866f750c2b409d,0,0,0,0
0x0805a44e25338ff1fe2b64149190f69a96e07d09,0,0,0,0
0xe8948f87921e3e91ff0f7a5bc29ec5c4634dfd40,0,0,0,0
0x0da6dccaae4e2664533275ea5a4e8b55b06711b6,0,0,0,0
0xfe5dcf645e4ba46c3264ef9070edbfa23d50e91c,0,0,0,0
0xf92b61d7ae4e4f951c13d266051a9bb9ad049dbb,0,0,0,0
0x054a9889923fddb425187643d3717cf9288516c4,0,0,0,0
0x9da700326e2ef12594df2a072e07139bc49386bb,0,0,0,0
0x63700e197544c3d39ac7b0b277b47bf6a909e5ee,0,0,0,0
0x04128317261b5ab669372f990580fac7e5c3937e,0,0,0,0
0x08c1077addd832baa34b5492909b2bc5a2f87ed9,0,0,0,0
0x4953c286059122dc8cdbc432c44c7cbd6883f692,0,0,0,0
0xbf3edee404610832695c60aaa9d08590780c8a2a,0,0,0,0
0x17ac90eb8af95b99d59cec273546f75e994dbd1a,0,0,0,0
0x0c1364492f3ced9294301e8225093c3f320a08bb,0,0,0,0
0xe7e801dbc2f00cc9c9a9050936585f5f4e846e1d,0,0,0,0
0xbda626866c4a027e1b078e07859f43defa5a18b4,0,0,0,0
0xf8e8a7494935143bf391367d55aadf7924e31b66,0,0,0,0
0x14bb2d4411c2be39c85afce469bfb46b8d8e34f6,0,0,0,0
0x082a3e23bf522972b3e67c1faf2af1a72c489a24,0,0,0,0
0x31b4c5f2ccab0ea2c36a075afd8b1d7fe0dbbdb8,0,0,0,0
0xd9bd3fae5b93eea9b4bcfe7e0610333589f66c7f,0,0,0,0
0x925030586aee5426e5a828c5c1b595727353dada,0,0,0,0
0xcc9cb9fb799b77922d8fb125cc54d4ae954e42f2,0,0,0,0
0xd7da28bff27d71f7c759741c44a04336ff04d26b,0,0,0,0
0x78331db23d194334e28f5d2ceb7c704c5226f293,0,0,0,0
0x674fcaa303597932d421cc30ff3c803073c17071,0,0,0,0
0x7cc30956567027118735742e748474833f691ab3,0,0,0,0
0x9272227568d59326a9be3a2bebbc79c5eb2aff4a,0,0,0,0
0x9e825d0f3a97d39328b30bf8f9f24350eaf91820,0,0,0,0
0x37ea90437d27e168045e6f46e6195968dadd6569,0,0,0,0
0x5f10266e9578ec8924a5c11cbffd201daf23c460,0,0,0,0
0x435f657e392e5b2d6cb44ad3fc539eeea7bb5720,0,0,0,0
0x87bc004dd618af7af42bbc10add9f27633baee7d,0,0,0,0
0x11c82905eec9e42b846f596252132165d763c651,0,0,0,0
0xd64a51d54084cc7c3386d7fb0ab0c270094e2db1,0,0,0,0
0x73ac5673e89bcb3e91d369d86167adc19175f308,0,0,0,0
0x4dfce485e4465345767c9b8bc38d5171558cf5a8,0,0,0,0
0xf48c0a06f85243b2692ba8aa9121b7704dd498fa,0,0,0,0
0x4b3c791b06647c0daa926421b08c725e5a59c40b,0,0,0,0
0xb2d215a8dc6d08a401ae4aac0b28430591dd3864,0,0,0,0
0xeaacda9e7ef3d3d2b4cf8bbb534237dc4edcab12,0,0,0,0
0x9a48143f8d9df4cd45c8fd1f4804171b0e9a949d,0,0,0,0
0xbaa65ab78b260113b38033d58c98a5627236bfa9,0,0,0,0
0xdb9433cbd2a7b6769ff6e0da531a5466397234f7,0,0,0,0
0x13e8a00ce0666ed9e6500f056fc44b8a0caf16b0,0,0,0,0
0x3b1da83d47bb6333d539dafb9f5e513042cbaf17,0,0,0,0
0x69abd253394463a1393928c32475b300d080b35e,0,0,0,0
0xed3f8e85203779ab6250cd549d38de8209afac84,0,0,0,0
0xabe0e49c80edd376a9ebb8c40a1e9def1a005554,0,0,0,0
0xe04490b7c762190d39f864000cf98487ab783165,0,0,0,0
0xf509bc40a34a1941455dad0c5570ae658f0f8e03,0,0,0,0
0x3b96f22be813427b40bfb668ab58261fc19a022c,0,0,0,0
0x97f8b1ffdec0c065517491972b7e7d0edf6b0ad7,0,0,0,0
0x735f4c566e5d563a27336f64841ecc1d4a62cd01,0,0,0,0
0x474cce69b251935314c86c760baa7a66c359ae93,0,0,0,0
0x580b03b7ad2b82521fef5ce9025a92cdf8ca462a,0,0,0,0
0x51d48d63e3bb84a9ea3c2dc99128825ff00c3c98,0,0,0,0
0x54fe0487966f39ea7ab565cc74a2f341239b6da9,0,0,0,0
0x0eca6288fa3ae31d3e8982a5d629e5f26ce4622b,0,0,0,0
0xe3400ac178538f1fcfde4c392ec0554e2f9bb10d,0,0,0,0
0x19deb334562523bf7d99ccb9e12f200d3b295ff8,0,0,0,0
0xf994a0489657f735eed671e6577ed508d6d28f46,0,0,0,0
0xf2f581d491266d9e8167e9e9aaca99187d0e6bbe,0,0,0,0
0x242684f0cd519bc78cda126f8a80538bb00ae9df,0,0,0,0
0x743aa213cb0800a5a74984720b9bf1fac352d722,0,0,0,0
0x8bb444ed39d3db8ffbabffeaac2f1172937843c9,0,0,0,0
0x7c614767479d737a2fd9fb0e2fbbcdf62ed4addd,0,0,0,0
0xd5d0c4480ba4153aaea5929d2ae3dbf3edcd2d6a,0,0,0,0
0x1f0d295789363e0f150e3823de46d9b8a72cee4b,0,0,0,0
0x9f526a4423baa8bd4718ec04565174077ad69ba6,0,0,0,0
0xbb62f204a2832067762bc7ffd56e1bb4c6cccfb4,0,0,0,0
0xb1f82c6a8353ac3b1cdc66841e7ab149fa5ff521,0,0,0,0
0xf8e714758c42645832159b15c873fda2a1ec1ab9,0,0,0,0
0x5a1a41b2e0bc158d542f63472c3a9db5a2c7dea7,0,0,0,0
0xbc175a38a5f12879f4dfe13d53634d1ee7c9e91f,0,0,0,0
0x77753e566a68f40c45f003d3b5233d886f509ed9,0,0,0,0
0xd152f549545093347a162dce210e7293f1452150,0,0,0,0
0x5635c3cef54a93c63e2fd19eb72a4597ba0a7b94,0,0,0,0
0x6327efdb9da59338fd3a7104bb165d25318da661,0,0,0,0
0x3abe7c383bd3f23e0c87f61b216f0e8eb52e8322,0,0,0,0
0xa274a5498dd77c4fafe925825e6e6838abeba554,0,0,0,0
0x601b20283f02268bf751456d00535ffb67a32530,0,0,0,0
0x0f6aa26987c81ccbc9947bf1ec6db8aa2bf2166d,0,0,0,0
0x6084862e96dde4a90c16afdbacb5c80062cf9348,0,0,0,0
0xd29f799222a4e2dbffdd951d8137c0efd62982e2,0,0,0,0
0x32244b156123c44a3a94a715ff5b505a1afa7017,0,0,0,0
0xa0088cebf963ffa5c1106592521098fa0de9f9bd,0,0,0,0
0x9c5a466a8dcb754b670d96ab48bf396c506f29df,0,0,0,0
0x684330645875c8006221809329dd7fc5703807a0,0,0,0,0
0xeb6b914e954fd0f2ca70989b4836ba6d8413b01c,0,0,0,0
0xe6a25cc985eea434ab67fdd446769a23914dafe5,0,0,0,0
0x32277040d692aafd60c0c33a30ce144da6050a45,0,0,0,0
0xc5ac3ef267e982a72873fab8465bc125aea4395b,0,0,0,0
0x13eec4d64016ce0719ad77719303e53fe3e76434,0,0,0,0
0x37d99ff4a4c2bbc203447f4f810ffdd51da6600b,0,0,0,0
0x7a3f816cf78529636483540a3ad8385800e90722,0,0,0,0
0x8accf2a40df6792f674bfabe1196d617129d95bb,0,0,0,0
0xd038b73e7e330aca502d1624fe4379ba9c59c517,0,0,0,0
0xf1e1ecd1527ca4891e2154f7d1d225e0cb705003,0,0,0,0
0x0e6f6dca2e6ea6bc4775b12680f684b5f0bd2da5,0,0,0,0
0xd866a046106c18b10672e73a3394ddcc7777e57a,0,0,0,0
0x47e668dae6ae17ea6163e3e75d6f036d57fa3582,0,0,0,0
0xbc32fb54a4b1ef88031385898194546e656c970e,0,0,0,0
0x229f40e750b3d7223601cb106cb3027750bceb78,0,0,0,0
0xa9994a4939fe60afffe21b94ff71d92fb0bfdc0f,0,0,0,0
0x8395eb484cdcba7cdfb7dc66239c8beade73034f,0,0,0,0
0x679c3d812f69042671ab45bc1beb124299c870b2,0,0,0,0
0x489b6228e3643e2e1fb004c8f0058a2d9921596e,0,0,0,0
0x0aab0e270259f49a02511724ea42cd84c079d8f9,0,0,0,0
0x012d1f3a80dca3f0e24f84d9654bc3dc63abf85e,0,0,0,0
0xba2f8626d49990e9c672636081ee4c1a3f621db4,0,0,0,0
0x3c6cede18b2bc6df750a2632ae77ef9f8c095af2,0,0,0,0
0x6d229ca9d79df676739e581a91aa38c607e651db,0,0,0,0
0x8b8fac8e98d668ac45106a7e2e81a7eabd080fcc,0,0,0,0
0x3d4ceba12dcb1c19b04ca2a48ca901481ecd5b91,0,0,0,0
0xfc48d87c4be9501f3c7036292f39d56445126a9f,0,0,0,0
0x83b2634f378b0801f4042a05e93e7e441daa5a14,0,0,0,0
0x66a24e34a6b60ead16971f8de451589ab364ff0f,0,0,0,0
0x644bf2c24623e5c14ec611183a8124e348667d8c,0,0,0,0
0x12dcabd95a2941b703fc682377ec00904ea7d59d,0,0,0,0
0x833c1d11056e522c4bc449eb8ebc3a4391477dc0,0,0,0,0
0x08c9801de61562a9bfddd42891dc3cca3a40d540,0,0,0,0
0x941064c2d98d60178c7f5804a59fa5d85ef3344b,0,0,0,0
0x9945cde7e3e86dff5a15ac11bd2357c486b8ff56,0,0,0,0
0x442319aa333990f651635e95ba6dd293308f69ad,0,0,0,0
0x0141b68de10aeb7dd3f586f91913da7f18120e27,0,0,0,0
0xf4e997e3cb3c149d34b6c86656f9ce6bd3524633,0,0,0,0
0x8675b702a91fef8fbb5efad1a794a0ffc2f01b1b,0,0,0,0
0xb6af2ba66d8290b40974f38d67e332e8d7c89333,0,0,0,0
0x1880bd9794aba42f2e7cd3eb16e07c006053e88e,0,0,0,0
0x2f5eb497af41ba671e67b92661d75d871dee01a7,0,0,0,0
0x0a0b472d08a6349ff789da223c2a9842e4becd17,0,0,0,0
0xcfab1f441482ccd2fc2629a29343698b523a84ed,0,0,0,0
0x2587810733ca454e0245d04620eb82817a4fa63b,0,0,0,0
0x111b46246ba9bf46ef15dca39ab7775897271951,0,0,0,0
0x025aa2b8153b3b5264822457127a3f1e02335725,0,0,0,0
0xfd4966fecb1e59ef536150ac0647bd3e3db20083,0,0,0,0
0x299566e3049d9bad9492e24035bd636965ae9be0,0,0,0,0
0xf0bc031ed8e41591852ad3d4b7cd7e65e4ec8e26,0,0,0,0
0x4955db62c61bf99c63852ab77f6c463e5f8a4b11,0,0,0,0
0x1f6b1393a1880756a23a13ffcd68b9a3e79a00ef,0,0,0,0
0xfc4a16c4f2a034ab425a91155c8ccf847efd4fae,0,0,0,0
0xb12741d39e4726eba18164fbb39111cbca0e57c7,0,0,0,0
0xd2e4f773c76c474fb7864efbaec632e5811fea44,0,0,0,0
0x0f6d732066eb0b2f908e680b322bec773ed80400,0,0,0,0
0x579a9d52572c009259f59b153bd1748d9be5ecb5,0,0,0,0
0x46dea5443dd42258f881120d09a5b1952ddefa0e,0,0,0,0
0x1f19f6eeda74a93c7c479ba902747a0e2eb208b4,0,0,0,0
0xa558e3931efa8fa45bbf90245ff4099114b66f08,0,0,0,0
0xbe253e16c9e2edba03316aaa86fc2f4b111881a7,0,0,0,0
0xb49a99d8ab86c6d1b84bc9044176236714c8e1b6,0,0,0,0
0xb69df3f1e122c44ce2376541a2cd71f34d7ab8ad,0,0,0,0
0xfb30db688535c82b26ab7ff5626fc178d4bea01b,0,0,0,0
0x7f4651df990ebce7be78b43bb80b85f73112ed37,0,0,0,0
0xbfd04a9f699758828a158105b8abf9dd65bc06e0,0,0,0,0
0x2243e25cccd9afcb034a75ef11977dceb0635874,0,0,0,0
0x2ac08ae0ad590f04d72c21ef0d28545177857286,0,0,0,0
0x92aab18684103faacfab1d17cfab0f283fa0ba87,0,0,0,0
0x531c2b4a1be1d9bf68263edb6edafd04a8056be4,0,0,0,0
0xf85761b55272d5ee30139dfe742499ec8c052306,0,0,0,0
0x02e3fd69b3deda8b0eada23872503a7a5be9f591,0,0,0,0
0xb49a29e713523f2892bdd0daac9ce43fdabe4b41,0,0,0,0
0xd36909e0d78a89e818ca6f1bf6a8dbaf331c66f9,0,0,0,0
0x0428167b212faebcf6f8627e7299177731b79a19,0,0,0,0
0x4edefec2d6942d4726dd698aadec9e051a08d0d1,0,0,0,0
0x68ba89ddd000899a711078e9fbd93cbc23f725bb,0,0,0,0
0x8f64bd67611fed2f6476ae9e499d55ebf1c7fcfa,0,0,0,0
0xd1131556881f6b04a20d11e33048c89554c422c8,0,0,0,0
0xa882b5bf40a60d7c2a1f8745632ddb13ef3a5881,0,0,0,0
0x450e08602a7ea47b6398ad7456803dd3c759c1f5,0,0,0,0
0x19b5230d40826e8d880727adc8e93f9d1957d07b,0,0,0,0
0x44f2796a6610200a74d053ebd4005578fa41582a,0,0,0,0
0xb087b3bc5b1b583f1857528697ef673a5d916e2e,0,0,0,0
0x04bef6bc926319efe9e5d54fe0dd7d9b4b44286a,0,0,0,0
0x51f795d021236b553b4b4d7c2374c6bacef7ea7f,0,0,0,0
0xfa661f9e1b420fc82224b8591d9f3190e79191af,0,0,0,0
0x1b9354905688f5ddf7f422cc0339c2bac9fc1b35,0,0,0,0
0x02a00edb0beaa285b5f41df884ac0ae748382c11,0,0,0,0
0xbedc16332d470a8579726ae55cd58f265767a0e6,0,0,0,0
0x499819bcf3e1bd249945b279bcf383c4f9b232e4,0,0,0,0
0x85c0a00d5e160dce199244f93b8bed7f4113e077,0,0,0,0
0xcc9f2fef52aa17738df38c7cd84994e24968e823,0,0,0,0
0x790de963b123fd64ac30afd1fd19303e46900d68,0,0,0,0
0x8038f251b5ffedc8b87582fad2e418cfac7128c6,0,0,0,0
0xc58a7b5397926af04af7e8532b39ccc72c1c3e34,0,0,0,0
0xa178d98a12e21d0fe7f3309640ac9c1622a1f67c,0,0,0,0
0xda6e26b8323949e5ceacaea8f8d407dd5500b30a,0,0,0,0
0x62e6ec1680a95962d0afec2f7cfb3bbb5007833e,0,0,0,0
0x22abb9869b396dcf6ab457c9e8c8d70f3a9920b4,0,0,0,0
0x0c10c6923d62e97872d2482fb4451df13cd91f0d,0,0,0,0
0x76e99835d398f17d42c8243690571b6fa6c78c74,0,0,0,0
0x1e705052c44369f1e21425ff53d2af6a88b87bf8,0,0,0,0
0xde6772dd793474098125e92c763b4edc6f8c77e6,0,0,0,0
0xc33bb95b65854ce9eaa4d2f46efa826e5dd898ad,0,0,0,0
0xcda14cb65ee2fb6fc9ca1f1a174e34ed4dfb9579,0,0,0,0
0xc721f32eb6ecc78bdabb176b2b21764863209968,0,0,0,0
0x439e5ab1fca417d7d61bbedc3c4dcfaf2a6311ef,0,0,0,0
0xa07d536cf5697c580e57757d8b1b94fc07fc3647,0,0,0,0
0x76ed46aa7e548a2a270fb95d906f0b0965cf9fba,0,0,0,0
0x53cfa6f0d07701c57d598127589a96576d2631e7,0,0,0,0
0xdb06e2ebd62d2bb2c25ca0c4748a639334af540a,0,0,0,0
0x8737da60114a6e5b512df2c35ff70364125d9f81,0,0,0,0
0x0ac37a04b5abed0a738d43f94dfb7cf3ef285334,0,0,0,0
0x8d196504c6007153ae74655964327eff5744123c,0,0,0,0
0xda1f2777d642a089e83ab229f538b20440422899,0,0,0,0
0xcf3c7e8f762705d210e8fe1d513b0a30dca185e8,0,0,0,0
0xf0f79a39b0026263ac700e58ebe7023280a3a57a,0,0,0,0
0xf159b88a400d89ff1bdb725f3ece0f491202745c,0,0,0,0
0x7059c812d3bc08870d7b791e5e2019198ffda7d5,0,0,0,0
0x45dd7c90032884e718b8f872cd99e4ac1283d8a6,0,0,0,0
0x8fc73c008164c61b2c0a3b8865aaa9004fdc5773,0,0,0,0
0x4b4b9dd4c45cb4433946c98ba03a635f83610009,0,0,0,0
0xe0fda8f2b917085ba9026c41bb4dfd069bd7786f,0,0,0,0
0x0000000000eb9924a5771796e630e6c257940f37,0,0,0,0
0x0ef7b1874083fb43dcc329332d44d875be7bf06b,0,0,0,0
0x6f12e58bb03e8e326b610a8a74608cf5c6ce8293,0,0,0,0
0xfcc3867ba06d9229a1c59c309a33ad9d33550ef3,0,0,0,0
0x9776abcddfde3f8c638fd3c823a661a316cede5d,0,0,0,0
0x45daa2cd1172fa7216a5865a958005bdaca19245,0,0,0,0
0x1780c0d7e54b30b4a1932cd161195bd5376c0345,0,0,0,0
0x7f0b21e3194ebbc0020de093066fc7621c4854c9,0,0,0,0
0xdc35ecb79c69e08d293e8ae210e89068db299322,0,0,0,0
0x216eca76591bc44fa1892b6c5256c7a7f8830229,0,0,0,0
0x48321dcc815f9a53230be92f6f98250ed5398fb7,0,0,0,0
0x5e9f48f6a39d479b0b715b0b281dfd624e6e7b17,0,0,0,0
0x0f00c2521a39778323245badef9f49ade4a3aff0,0,0,0,0
0x73d005948abda8c28558123387719b96f139156f,0,0,0,0
0x96bdb5d21de4c936998c9918e58c465acd50e774,0,0,0,0
0x5a95701e4ef4f8c39987faf4adefe68146f61dcb,0,0,0,0
0x5e891afa641791930cfd80c51d84cbb9e061cf68,0,0,0,0
0xeef927f99bd19d864f219d439491fdad4242eae5,0,0,0,0
0x96f7a1d879a5186b37d2de085b6db370726f117b,0,0,0,0
0x8184aa2a9130df0e4f828c86639b0dee25cc5ba6,0,0,0,0
0x86909c5e0a1c257712d8176e9080aebdc93d0ef9,0,0,0,0
0x62cf90604883d099531bf4692b7c4b4a8bd29d8f,0,0,0,0
0xd0cf121a37b1291b5fd875e191a65427cc9636c9,0,0,0,0
0x9ca262ee6b4c77188dcba54589c952e481c3b7db,0,0,0,0
0xc1a9abba9e0a7e6f431e6a91ae61c0355d83fa2d,0,0,0,0
0x08ca2163cf83bcfd208f2a07dbc5d4473b545723,0,0,0,0
0xf3b7b7c355cb6bb099837320564e1b1f374fb145,0,0,0,0
0x5dbeaafa4fa5d6cea96d62f80fdfd01d0fd8e197,0,0,0,0
0xb56c7841d97348410228c29e86f6a391f84f81e9,0,0,0,0
0xabaa456baed43bfdccd8bcc589bd9af825a29716,0,0,0,0
0x1e091a2da1e14dc034121c353f4af1a7809a15c7,0,0,0,0
0x44658349331cb9f613b2c20ba0660e33b556942d,0,0,0,0
0x9a76c12eca8d858258e56ed27d02c7dc22c75bdb,0,0,0,0
0xb300298539dee5c62a74753e74458e43788d394a,0,0,0,0
0x68f2a16cdecbce8dfd96df92d424c9b9a709ba3f,0,0,0,0
0x82fe352f370aca63b8eab458fcc3ba515c7ae38f,0,0,0,0
0xa093bf9f506aa3f2df9bd190b0f49017ee4519e8,0,0,0,0
0x89d7334f0eb4e11fb4b25771a7b56d7b644c006e,0,0,0,0
0x81a80c1c4214d9d9f30eeff132767907667fc4fb,0,0,0,0
0x3f32ab7aa1588cf135bb3f72fac8f92bf6e788c9,0,0,0,0
0x2672b03c143609ead52a77b562e671570b10449c,0,0,0,0
0x653606327754953dbae4e4ca0b5d903c31d8b218,0,0,0,0
0xedf25b4b0d6e45c383eb0db72521d1c618c8dcf4,0,0,0,0
0x6b8f500e5e65470834b529f281c880e63762dfce,0,0,0,0
0x9ebba954e1be481e25a73097b3e9157ff1d3cfe5,0,0,0,0
0xf454c5b87dca6416ca50f6fc1012b73aad3833c3,0,0,0,0
0x2d6cdb0c338edd4371e00d0ce4c3882ad7880b5a,0,0,0,0
0x7224d9246cb6fad21ca80ce6c1405c717b6045a8,0,0,0,0
0xf9f015dd89b64455fad10fa5823f129b8b8d14cd,0,0,0,0
0xe3d8b59336b93e9fc9e1adc6e875dca759653b82,0,0,0,0
0xf3d8ed295a221639d111fe27f510597bf627e5c7,0,0,0,0
0x105bff434151846831b8601881f44fbe5797901b,0,0,0,0
0xbc8f5e2f700e0ea04264057044e02259bfdb9f89,0,0,0,0
0xe3358b7672a89898229abdb45416a2c701875c14,0,0,0,0
0x42bc6e460dbb5ede159d48de1a4f421875622a59,0,0,0,0
0x72f7e9f4366dd9bf1de8e10ab556a543ef03270f,0,0,0,0
0x96f5726ff6fbfdd89d981db8c254d79607881950,0,0,0,0
0xce783e9db6ce5cf6a05c6af231d4afbef568280c,0,0,0,0
0xdaf3847fad3b410cab7c69e8461bf39937b9bd44,0,0,0,0
0xbc51821453dc28a7eb1bf43af61db1e32b64f4fc,0,0,0,0
0xe0e710a907a8e44c078e6212efa336c1191f4cd1,0,0,0,0
0x2b5a1e852f5dcf326b2858247129fa959e82e7d4,0,0,0,0
0x13fc3d81b66b2c91d4f2501df9efcc344dfb1581,0,0,0,0
0xa80712262e7f5d9fecfb36e4237459709460c578,0,0,0,0
0xfb285aaee61c3b315a613011a385b229ab766d3f,0,0,0,0
0x286b07678d22fab4587fec91314ba78164302f39,0,0,0,0
0x20f549117c48ab0fd0367b4c6479dfc3102f00b2,0,0,0,0
0x107c7a9dfcdb9a37fba18f400671e201cf5d8a7c,0,0,0,0
0xced2e356c2bf4aee9364a61c631fbe6c1c0e1a7d,0,0,0,0
0xa29bbe1f9e169ac8d1856e0f117c0a2231ab2547,0,0,0,0
0x76443394dae1bc0b06b51d0c66da1ca94e1ba924,0,0,0,0
0x7771d309cf287eb6869a7ae0e2e2a2ceb0d91c76,0,0,0,0
0xd90a66b9eab21998ca2ec3ca30b7af510cbc2fdc,0,0,0,0
0x1cd2fde4bea5e5428e95e58c48dcd6a994abcf14,0,0,0,0
0x869e00edca4cf723f636554b6edf78ee4ad05875,0,0,0,0
0x4f8979d160c139e79ccb99034c4758985156650a,0,0,0,0
0xad7a1bd0cf328114b56f1ea0c7ac066780ef6e6a,0,0,0,0
0x311c1a900f11a3ef827cb372e1b8f63eb2facb66,0,0,0,0
0x5e3845f60a69268091774955788dd0881cb9ceea,0,0,0,0
0x011b8d52bf90000e6abf3e73300efb5f2aeefe44,0,0,0,0
0x782d726ced90c1882595398892f3ea106fc9551e,0,0,0,0
0x8b5a62fc2decfec63f713636fadc6578d62aec77,0,0,0,0
0xc55208c8793f58fe30764af54bc7fd15f66e81e4,0,0,0,0
0xe44f8e1c366077b3c8bb4d1438c683e41ac332ad,0,0,0,0
0xcb0bfe80d35080f4b87dcd4bad982bb2b5e2c281,0,0,0,0
0x5a73879e85c9ca0fabc86d65efd2daeba6b1bc33,0,0,0,0
0x0694e8c9d228435c1053fcda01809196d82549d2,0,0,0,0
0xa62d33c81dc8e411a416fa93a28e757a9dd7ffa3,0,0,0,0
0x76988e6c4bc1402196b5ded19bbe35d0b96d11a1,0,0,0,0
0xe9fa07b0a23400e088717f9ba4e671c1cabc15c5,0,0,0,0
0x5f71617a05becb9855926224ba559856f72d422c,0,0,0,0
0x81efa0c1a18ed5936d2c9b764148aa57c44deb82,0,0,0,0
0xaf246bca652bf7f4816bf5f0502213a4e66e41c7,0,0,0,0
0x34318aa466ec18cea11f5c1c88463f88069037cf,0,0,0,0
0x40c65404d157eae95ce46b510a51ceeeb1c31fc5,0,0,0,0
0xe1f694a61ebaf21f9fb8f528c69b2ac9a174866c,0,0,0,0
0x8c0b54104a99f9276d3b4905f5bc1875fd8238e9,0,0,0,0
0x111292e9488fddf2fc1a6f9a22e9949357c40d36,0,0,0,0
0xc4c1317ea411560718858202894c9babadd32e2f,0,0,0,0
0x4739b8bae3e07f01d307780e5acdbd13f8cf2d5f,0,0,0,0
0x271e69f4a1e84ec539895ba5d0dcd139fb72046e,0,0,0,0
0xafd2a9185b77707d39e97bc00377b7b08c78afa7,0,0,0,0
0x7d4f01c2350a518d6f805bd4944da498539832d9,0,0,0,0
0xe1d77070e64f522d954c36ff1b56c6240f593b8d,0,0,0,0
0x668d93732c9c7a0fb59898208df14f85b6a06abc,0,0,0,0
0x3234d071b7d4c164d7b13f284a61029215ec1b98,0,0,0,0
0x943c4540df2b6ff0eaa073792647f2f0c12140d1,0,0,0,0
0x116a75fbfc55c26bb98e18ff7d1a13f1ad672847,0,0,0,0
0x232180b0b01ec81d585569b847f062bcb3cc0d29,0,0,0,0
0x3ff736a92f9fa8040fabf69a3a9dfbd399255957,0,0,0,0
0x43bdbe0f9827723de3abd2de94195d254712b3e2,0,0,0,0
0xa25736fc180e621af13de0b57b32106d376f9657,0,0,0,0
0x1d48f6a186c57d6a038209bd648cdff7291a08f4,0,0,0,0
0x4123d8229707d389d79fc5593c5ce408ec20c13a,0,0,0,0
0xd0889efcd71bb33f1f653e6b97cc15f55deaf5cd,0,0,0,0
0x4b94773361da1250508ec38f11a90bedb6fb2b1f,0,0,0,0
0x58a1f6986cb16838fa6df49d53590d74d834a733,0,0,0,0
0x0ed09b7c2af6747f17bcdd5a04ef0574da5af105,0,0,0,0
0x7097a8477e3b89160f8b97f171a3c67bcb8bb898,0,0,0,0
0x430952fe84eba92645b6d897d161369888423779,0,0,0,0
0xafda991fde54d32872a4bc19ad11880ba6c9e736,0,0,0,0
0x5c58b8909cbe47a65bcea28ec6512bbbf1ebfc18,0,0,0,0
0x086dbd0a4fd4229da3e323ab53b3d76276bba1a2,0,0,0,0
0x7057f676a96fec9e7e755712f1c93bc3d38dd5c6,0,0,0,0
0x89b7822578ddc5e1bdf6b4298b03e56b444b6a90,0,0,0,0
0x017be2f31467b8d62ce651ed500534cabff57e21,0,0,0,0
0x88f602a06972f38737843a70621d7ddaeb120bde,0,0,0,0
0xc28736c1f3d5116724c27ef9876e146057cc8c3b,0,0,0,0
0x36b0baa18fcd90ee0c446cf8f6e6b8e2a2d26d57,0,0,0,0
0x5673b27e8c9c72731ad84a68044f041f712a53bb,0,0,0,0
0xc336e87b8db92e7f95e4cec75c909e4545e35069,0,0,0,0
0x8b233815b135990c30f2628bbad31d5b36dc7ac7,0,0,0,0
0x83e0aa9d9afb3bc1cfc99e8e2a29e2e5a09a5bab,0,0,0,0
0xbfd34c0bcbc1911438d1c96ee5c74e85b5d540d1,0,0,0,0
0xe6fbf08abe60e5ce3df6eb834113cf4b419d34a2,0,0,0,0
0x4e6755ace70972a78b1c173ac31c0cebac0eabb7,0,0,0,0
0x26c21891b4b5a8161e2abda0760fc9d7d3393880,0,0,0,0
0x93c5d5962640b324ed59d174e26ef2498f69af42,0,0,0,0
0xab50b28447107b40329eb62eaf8efbf8f80c8af4,0,0,0,0
0xfe4b2127b5cde125f6847d2524e375a4e44a9b97,0,0,0,0
0x8d136e18c1deccacf03aadb6d5f7150c42425f00,0,0,0,0
0x4c8d62040966b589a6d45958f55fa3ace2eae344,0,0,0,0
0xe4dfc26c8ef493ee46c50fc51f5f56e072039b06,0,0,0,0
0x33b628a2983df897d4a2bcdd7531276b4474b1d8,0,0,0,0
0xd002b45fb12a40048e2c26c5da852b0a9bedc591,0,0,0,0
0xded18c1df13e65d6438a364516975f2f1d3f9e96,0,0,0,0
0xcf92612c77bfc4726b1ef7d96b44f8b4da45eacd,0,0,0,0
0xdbc14d3dede38d400b79dcb408ad5bf35acf06bd,0,0,0,0
0x8495773eb82f656fc4e5729dc37934e80f212d29,0,0,0,0
0x3b0114849d72ac001a0009062d091d69797325f5,0,0,0,0
0x6d9f2a9ffe25442674302cbbae41564b40d9e85c,0,0,0,0
0xd3ac3ff660fbdc812fa929a0d649627d77439d26,0,0,0,0
0x4571d47e9ed7d838e9af02ef7ae3f54c56650a40,0,0,0,0
0xf1ec5c64da312f96aef027c3dd26880b4e1a59b6,0,0,0,0
0x8b7a933211b6f2e9c64db48abfa84528e2399b31,0,0,0,0
0x7594adfc8227d08242cc7cd22edc2fe1f28cb75b,0,0,0,0
0xf51452b9505fa0509d5b2b3116b3880e64d14efb,0,0,0,0
0x45c1702826e8225b26695e1149a0e3b808476e73,0,0,0,0
0x05835092bc8d7ad37a66f457bc4ae95fec314d74,0,0,0,0
0x25dc616b7010e3080c9b4646669b742b9209577a,0,0,0,0
0xfafee1cdd10ba9a416eaf7451f101b96af496383,0,0,0,0
0xd68a4979393b3cadcacd1be435bd830dc9984df6,0,0,0,0
0xc3fa4f16ca336c8fbaa3713ebbfa137fac3a68a6,0,0,0,0
0xdb74f7180f3ba031377b60ce92bb8e153bc23ed9,0,0,0,0
0x6a025c8e763b667800bcff5c439c3f7d4aca157e,0,0,0,0
0xb58981039274894d58fe8cb4de55e10fb21aacec,0,0,0,0
0x075fefae9e327b37913b061db2e2ff5e479acdf4,0,0,0,0
0x72b5ed431a5040260fdbab3d348d732d2b95f200,0,0,0,0
0x7d46d43e88dc572e49002f67f475e864c12ecf6e,0,0,0,0
0xacc1dfc9e87d577a29337014d48aea554fa32ec8,0,0,0,0
0xe14e11ac15f2bdb20e60e2198925e7bdcec63925,0,0,0,0
0xcee0ab75de5e218c14630831eb5be771a6fdbdf4,0,0,0,0
0x21732afda6c0557e3ac1d4638ea3ab9312db8335,0,0,0,0
0xe0dc7bfe26f34ffb78d89512245d3bd824387333,0,0,0,0
0xf47348e1e90ca633b14619b19070b023f7552956,0,0,0,0
0xd0a61fb4fbab8e11b8b98fa16937c4a323946e64,0,0,0,0
0x9f893cc45ac459b74bf6638f8a578240687bb532,0,0,0,0
0x4d90f04b712f16ded9289da63b931fb929a15d60,0,0,0,0
0x1a4303b8818f373001d4fcd3e447e210c4a5c539,0,0,0,0
0x16813d1861586f12cfaa1de81d9907112f44fbd9,0,0,0,0
0xed828a87e27f09164b21f94feaf8957721aaadf7,0,0,0,0
0x82aded9f30aebe625110a912a9de88dea9ac6b49,0,0,0,0
0xfa3495f977504a8e180ad9133641d260c564085b,0,0,0,0
0x37efe04c673be382de963d89da77f530bce37808,0,0,0,0
0xdf3770bb54a357c29f419d5db36dd8876c6bbb50,0,0,0,0
0x7752cc580a0215cf7f37f39605ed6ff5bc2e4cd4,0,0,0,0
0xe11ebbd2e79f68e1e44e6f24e898ccaa931fa181,0,0,0,0
0x4230294961f1cfc5f08ca42f7f449863e7e6b5b5,0,0,0,0
0xa46426d5cb088d3c08681027e02ba7e629492240,0,0,0,0
0xf5418f6777c1cc761ea185e3bccf049871b3194d,0,0,0,0
0x880ef085da4d1b7a3bee6407634c9b39adc77fab,0,0,0,0
0x169bae6f677e675becea996fb8156b0dd459c902,0,0,0,0
0x66b09a01a227c3a9d9514ec67fb367fb2d1d81e7,0,0,0,0
0xb3ae1846dd2f4d25a747db7e013f12066f643142,0,0,0,0
0x9dcfacd6a7bb1beb3996d25aeda08932c87bb37a,0,0,0,0
0x2b0b284c9e0a7fb8bdd8573a45670fef3787323d,0,0,0,0
0xc0af2215646123aed2478bde6645bc27d33742cb,0,0,0,0
0x6b976c1c3e32361c376c2a58c9bec8be3961059c,0,0,0,0
0x03d43c2affa0ec710f88ccc3ca4fabf88b08401e,0,0,0,0
0x86b73e35bcf6179f89b2b2b133c252991b6216b1,0,0,0,0
0xb45e7bdb1a3e716972811f10fbb8c4ff7cc04a1d,0,0,0,0
0x1dae9a1e4d1834d5dd36ae4a93ea620372089dcc,0,0,0,0
0x13c6faab953f63f9760177689086877dccf8e855,0,0,0,0
0xd2f96187429e317f4a8a20f8eece9b34db6de62f,0,0,0,0
0xb6f253521496bf68e28e5b75d344bc2c5937778f,0,0,0,0
0x3f4853bbfdfd54fa11754840bf43ceccdf919ec4,0,0,0,0
0xa24bcda5499bc32f75020755772f4dc038b69579,0,0,0,0
0x68116f975c106eee88305ab6341ffbeb9dfe223d,0,0,0,0
0x466718cc1c35f4331c0429c23440503f7800b51e,0,0,0,0
0x5ef22d551ca109f5cc7996502709065b39cdd23b,0,0,0,0
0x09ef1b5ee98d3b811a4245a948d6bdc12e3cc980,0,0,0,0
0x7efb49160d753d834d17d9f6aad5ae224a63ed4e,0,0,0,0
0xcb048512dbeee8637415df0ba107871704da2c0a,0,0,0,0
0x26dcdf3912a88f29d53838e373e014c49328019a,0,0,0,0
0x0d3f8ec86207661084a6b2163384060bd0d37ce1,0,0,0,0
0xbb2e352a1f0aa2dcbceef7919dbf4a045f89d0eb,0,0,0,0
0x011eb0a3a3ec2358a73e5f93dd028266a9b025e6,0,0,0,0
0x078d241dbe88c96d02e69cee7e13be12b3612205,0,0,0,0
0x9b74c5085dec83c0df1cbb52697d1f5ed9c6a4dc,0,0,0,0
0x801c9c6ee6296a566aeca55d2c02fda56013cca0,0,0,0,0
0xbbcf2fbecbdbe7416f776fc830b73fcc10a6730b,0,0,0,0
0x5a98369f17f9348a415a3ce6a844dcee6823f6ee,0,0,0,0
0x12e9e19ceb17bbb60b7fc1287a025e7e149bdb1a,0,0,0,0
0x424e610ca9c364e7792586c4f7e81b5905f622f2,0,0,0,0
0x013b173f2f217eb3c35a0520c1c99c6d4bfbe04a,0,0,0,0
0x2df17455b96dde3618fd6b1c3a9aa06d6ab89347,0,0,0,0
0xdaa922ba9776fcc1d6e742a3d6427aa7771fc69c,0,0,0,0
0x09b032436a2ceb12d89e4f8a53e49f0ea5798eb6,0,0,0,0
0xfa9967210723a5ff35ba9b7271e677a0294f32db,0,0,0,0
0x7d5f4f76245f1bb95be3057492fbe5f21e5d79b6,0,0,0,0
0x7f3eff6731af89d4c2d84a5369b96727bd2ec631,0,0,0,0
0x2ef52b78ca0f2c3a0856b11e6c79e8484bf32360,0,0,0,0
0x54165740e7089fb4c48f3541633f1b9cf10e0c83,0,0,0,0
0xc9ae1dd5500ea662ced71a6177840069de085dfe,0,0,0,0
0x329cce54f7d2378b05f05f7fff1f9cfc8cd34d6c,0,0,0,0
0xece6f1825ce59d34a0e5ecb06938f0f976c77bb6,0,0,0,0
0x90619df3d8ff8c49969ee845cb02e79411216d6b,0,0,0,0
0x89e6a45b250370c7487614cfe83cfb0be2e00671,0,0,0,0
0x576641e8d016740ddbacc9d3e916cc6f9e97481e,0,0,0,0
0xccb456bb960bf17f708923292e852cf01c9e0b3f,0,0,0,0
0x5688383ef920e24f55b7dc36c74b7498a6ef296f,0,0,0,0
0x05f5e8f4ee4ce419b10fde6c04aa00d4876c34e6,0,0,0,0
0x25043e1526bccd8ea36d09d3c70d9b45e6040728,0,0,0,0
0xdb53aabf69e086ee16186ed12be9f7b9a8b735d2,0,0,0,0
0x091288f5f62a72605e09042df004b238c4f5c0ef,0,0,0,0
0x0bc61ea727b54f40007fca925ecf31b2a4b028cc,0,0,0,0
0x30f84ae3236e1efb2cbc27b17edf153b501a6f40,0,0,0,0
0x49d71755508915c8ee2d8594b27b6b27bfd392cd,0,0,0,0
0xf2c9a3009bdfa82fe2296854635fdb8d4b3196cf,0,0,0,0
0x055df7d93b0a0841fbd118ea5637b3d7a80168f5,0,0,0,0
0x1e5fea55edf5019904096928d68dbd373fdeae59,0,0,0,0
0xb7f5d3d9145eb23d832acfd88cc402fbfe3551dd,0,0,0,0
0x08e9cb5bf4b68ae195cd4dea97dedc7f389c4fae,0,0,0,0
0xf329eafe0474f2c0dd5bc68a6d2c256dbceecb14,0,0,0,0
0xc189dec726658900432452f32a22f4f72ff9958c,0,0,0,0
0x4b79459074f64921427a3d4cee8f67bed4054bd5,0,0,0,0
0xb24f7dd5ae191fc5a820f5f13e144a132267552f,0,0,0,0
0x2968ce9f188a11f50908949be5ac76e9627c2976,0,0,0,0
0x07e7ec394c3d4bc91be7d2dcb7bee4cdf8f08816,0,0,0,0
0xcdf88e8484a49922b6b2e1cce25b0c4cc092b3b0,0,0,0,0
0x5cd79943acf4d5a3ec5295ea970d67df598f3e34,0,0,0,0
0x7f022d6f275a474d0064d87a886487b10ad09d11,0,0,0,0
0x6945dc9071f0da7c42ee5b9bf393c5b7b871f334,0,0,0,0
0x15461c82f00542267fe6346a5f418fce8559194d,0,0,0,0
0x94e547e3bffcb75884fddc21c13ffb4994dc30a3,0,0,0,0
0xbb89749864abe918f3b88db7d62eef2cf7a5cf5c,0,0,0,0
0x6f0c0c62963944c4ab4f9cb432f6fe87aeb44648,0,0,0,0
0x03545700d5ec8e8b00145b9b8c65249477421198,0,0,0,0
0xfc4695c5b9fff5c6a7b1a6f78c946906ee320e0e,0,0,0,0
0xa1208520fd9efc8357d5a3937b2db338090e212f,0,0,0,0
0x3ffef659c770aa68c6468064df44d31fb2cce962,0,0,0,0
0x37f79c1ae005b8b08c702868e16b3eacef52d9a6,0,0,0,0
0x51de44285470266ea0d3fd1acc16168c87fe094f,0,0,0,0
0x7ce7fc24c1ad4f21bad99ac3d0e58bb362102dd4,0,0,0,0
0x794c737ec657a246d08b7e6438a342cb93d380f1,0,0,0,0
0x54daefd95dfd5dae2c39ec48af72b2eb366c0c48,0,0,0,0
0x8407d67804dd901b26766e0141a09945fba9e51f,0,0,0,0
0x84c4b0ef811a945701123229ad335b1e6802a34e,0,0,0,0
0xf9ea23b14016820b3e6c12701feed5ab42532d8c,0,0,0,0
0x3e1cfc0583aee2d0ff9ec6ea737d958be1f20637,0,0,0,0
0x2e5ff075d31c81934a7790be9d9635c1e33b8bb8,0,0,0,0
0x96479ea46843dea28debd8b676ccbb7bad0bbb24,0,0,0,0
0xe97392bbf0b94378f58fe3ed3fbd2571c53ba7a6,0,0,0,0
0xbab9022c3ae97f735220b4a9219e2e3b7b795320,0,0,0,0
0xa974dd6989d821f0c67a37fc0410be4cdca9cb17,0,0,0,0
0x35a3ee38a6e761b7d201069c205aee475437193c,0,0,0,0
0xf637f47279fc9f8c312911998b9d5d464498d3a0,0,0,0,0
0xcab721d9c4c860b418c1aa082f6745d198d9ebb7,0,0,0,0
0xc5274e1bd906be444402d5d7b87650649bf8d65a,0,0,0,0
0x052f33341a3040cd6ed7eb60ab27be87686fff2d,0,0,0,0
0x3ef51ea0b8b1eff888268ed6869ec981f4ce92aa,0,0,0,0
0x412d1da9994512a8dc7de5d20baa8d40d8d9e6df,0,0,0,0
0x4e6ec8d3c1314d5d27d45c82153a62d96311aa33,0,0,0,0
0x9c32555c64879004ac20a2192557ec48a2e4b807,0,0,0,0
0x6470d6f766298701ae150b3e11ce1066d654b0ff,0,0,0,0
0xdb02033a0a66c224c93be8e5961017237299cb01,0,0,0,0
0xa4da57bc2595a299723470f5629e6da66bdb7c03,0,0,0,0
0xb0ed155c5cd2c74afbbc53c4f4336f89d0d8537e,0,0,0,0
0x6b8c8f389154255b828477426adc19c86f028ed4,0,0,0,0
0xdaed0ab8a00d85c1d064756e7fa1189b3a9365dc,0,0,0,0
0xb6ef31004ab534bacb7445a0df80fd1740806afd,0,0,0,0
0xdb45e46d4ec1b0110db84a72ae9368d99d1a1997,0,0,0,0
0x807fdd459e165102dc3064f62df1f1cd1c331a64,0,0,0,0
0x5d2ae2ea351fd123ddf4b8226a035de980695aed,0,0,0,0
0x2e274adf68b485cf5c43a174ebb24cad8773e8c9,0,0,0,0
0xfa8853bfdba3580050256e7c2e0000d0bd220ffa,0,0,0,0
0xa4aaa5e9e566a18134431ce5fc147403827dd591,0,0,0,0
0x1a39556e5fd95d983ba92036fd7402ecc57b3998,0,0,0,0
0x6d57d59a0ca9c58be3d6b4d0b24ac0dee326a12c,0,0,0,0
0x5708df8c01d2bcec22dfa66c501e27c197ba2470,0,0,0,0
0x92154b1a27cac38ed90fbef6589da796691b7944,0,0,0,0
0xb5357ba6930b4c1fea649316c67b5b47b7b54def,0,0,0,0
0xae7ff377de873034273fdeed8ee87cc227503c41,0,0,0,0
0x31d82eef902a0ad7350d74e2b2d93c89f39c6cb4,0,0,0,0
0xcc43c0cef2afd62a0d89850215ee72656ec7c261,0,0,0,0
0x5c2a61f035fc25a4d5013890371b724a5c904876,0,0,0,0
0xf4d7fe7f79dbdbd7375b5b9df81c58d1dddff5ed,0,0,0,0
0xb2d6bb8e81ceedf5d1da0cbc48f6f980a70b5954,0,0,0,0
0xfd505d7bf0e62eae1374175a49c7a396ed4692e0,0,0,0,0
0xc9b921abd1d62118bed599aee63ad96164e9e534,0,0,0,0
0xfea945eee51daf56649682b964b9f249c73cf7ac,0,0,0,0
0xdc197e9b529184bbd9b349c5ddc315acb20de631,0,0,0,0
0x76b0682d3271aa1da6a82a600cb013005f59184b,0,0,0,0
0xe79f1fc020695a3654b881ddecdac264d90bd78c,0,0,0,0
0xaeac18d7439da659c889f5dbcc9ca820f82e3399,0,0,0,0
0x55f58a96e713ab1e6839fe27d32ec74cb2348cbf,0,0,0,0
0x25da427553146029a93bfee8147f23fc884c5f7c,0,0,0,0
0xf5cffacbc9a3d06ab58cf912d90b8df572a696d8,0,0,0,0
0x5caeca4bdc930de53a42fd9a8d7fc6b921aebf9c,0,0,0,0
0xc1b5cee14b062ce5c05a5a548eb952818c4730bb,0,0,0,0
0xd64830d55c8835a66fb11f994f543e7b670470f2,0,0,0,0
0xdec036e967c40fd9093711379b52ef0784fc08a2,0,0,0,0
0xc0832e6bfde8094e91e4931c685c5867baccbd69,0,0,0,0
0x35f886016271c55bef88fc89b2de12d665f01edb,0,0,0,0
0xc03581c5177362bd8757c6844066840088f7b383,0,0,0,0
0x3173e695319a4ef35d9b31833e2c3da834b0d8c8,0,0,0,0
0x6242b5c670202f629f8025d3b5426650eb9818e5,0,0,0,0
0x8a82cf508ccd28b2dafc5104449b3b3e484514fb,0,0,0,0
0x67d56d89d26dd8a74646e58a4ad10e1d41ca4540,0,0,0,0
0xe3c998467f1fcfc0dbea62478f9ae2c209e45e4f,0,0,0,0
0x87345b82982578475159155e791ce0c77e1b889a,0,0,0,0
0x0ae80e7b5109298bf6758ab55a7e39ddc1557493,0,0,0,0
0x13761fc0bd360095769780a69e3f75e6982cd65d,0,0,0,0
0xf0b3d111a79fed38ff65c50e328568d2fdbda8bd,0,0,0,0
0xafe3d8538f042faa7208e8d3a4f3887cbe94e456,0,0,0,0
0x62219a9d6bdb0365351390f034dd12619bca0f09,0,0,0,0
0xeb06707ade5dcd74f112ebec0b0bd8dc3419c7ee,0,0,0,0
0xce921c6d898ee8424e37da88861a82d1b9418e3f,0,0,0,0
0x2b2e9821995ea7a0b0bbf665f466bdf31bae7c8b,0,0,0,0
0x2f5b5aa4c861bd61a2e56f457bafb0d1c82e285f,0,0,0,0
0x4b6dd6181528b3855ec90ea49ed6d2ac507b9f61,0,0,0,0
0xd3776fe4157c3e281f97acd918f4b8cb8e251587,0,0,0,0
0x80ccdf71a28ae0f3209886c16dc69aa8e20a6448,0,0,0,0
0xc4a48226ada0c9c7886375cb8b63d2ae07e67b93,0,0,0,0
0x0548243e4a54a6015f28fde9ba9b9d6a33ee14f9,0,0,0,0
0xc2a58755bf6f4e277742c9f89529d2c739453f0f,0,0,0,0
0x85806171799c4dc0c3c30ff30665a9c2c12d5e6c,0,0,0,0
0x276d298ee6bee76c80d1af2892a77c8df5b9ec3b,0,0,0,0
0x2f49012d283fdd90b58fb8392cc3a70959fc9eed,0,0,0,0
0xd3e1ff345d76d0435d4e91f84ba0f0972e8f8ae4,0,0,0,0
0xdc51d3c8f6b475f1340fc4bcb1b360f5278a8d59,0,0,0,0
0x07e462e3f215806ff29a829db908b20a005bb175,0,0,0,0
0x371f988e6a5d3f0fd968b86e5adfb4a9c4a3f2a9,0,0,0,0
0x49fa47018fe7b9a7cadbb32cf26d681f014cd513,0,0,0,0
0x52e2814268fdc6721aa6fc4d719d5006da634479,0,0,0,0
0x1fcca7d206d3f9a0a8140c486aebe074dc58047d,0,0,0,0
0x4287c69abcccd643cd051c42015266dc6de8b123,0,0,0,0
0xd2484d30216f2439bbe08befc0dea271a6aa2575,0,0,0,0
0x407ad0f23f5ded868c5d10569bd73b06261f5556,0,0,0,0
0x0cf73211418f22741822f2725c8c867be5e697cd,0,0,0,0
0x98340ca9a9a9499e09504e837a71beba5f0e1531,0,0,0,0
0x03c8ec223447b8d6817f0421cc290de546262ce5,0,0,0,0
0x60e496bd6786cf5caccdbb046ae7258dfc2ef391,0,0,0,0
0x2584c54823cbea9c23d82146c748264ccd451711,0,0,0,0
0x422d26bd912ec58ea74bd6aff82a499834ed8f71,0,0,0,0
0x63059bf9f640518782168c2c9c8779241b339e2a,0,0,0,0
0x106c2a6cd080322fe8e3009af91fd94e7ea5723e,0,0,0,0
0x2c59900b9442b7a865f93219c04f553a0d7bd003,0,0,0,0
0x2af5ebfab5cd4ba2e7af8e80e098b3ddc0acf9e1,0,0,0,0
0x52192d2eaf9801e7aa204d90a231a75fc49334be,0,0,0,0
0x0c362da25cb629497e1cab87ee14cc4d4fda3b58,0,0,0,0
0x1194721911aebda727da723f30e30add5592e053,0,0,0,0
0xea907e39eb345e3cc686ab1dc573f87d0ef93d0a,0,0,0,0
0x20e00f6c9e651a3ba455f581c4d0a0003a70e8cc,0,0,0,0
0xb195e98348ebace5c2de563f65d9c4f70bd08165,0,0,0,0
0xbb1071e6529c87e874d616be4384514e42b67ea8,0,0,0,0
0xf03fb0f0d6b8ed148f47613ed50da5453f690017,0,0,0,0
0x367039afce638fc656b2c6d0e958bf02c04c788f,0,0,0,0
0xb3439c990598135860aa93ff9aa88e9a3f6206bb,0,0,0,0
0xf2f20e5651ff104fabcf6e6d4b436d72d4f53766,0,0,0,0
0xd5b585d65c913237a4f5a33d28cd199ebd566c13,0,0,0,0
0x8ed4592876f905f0663129359942d29f836c9fea,0,0,0,0
0x5b9d2be68898d2669cc4eb0de905aab68121e833,0,0,0,0
0x2c2d3e580d08566c55c7f673eed9826eff22cca5,0,0,0,0
0xbb40d0ab6d21fdf12b9619ddadcf854860b831cf,0,0,0,0
0xde8bdf63518c2f847efec1c809c09f044b4ff104,0,0,0,0
0x01da10f397d4bbb8426dd75936eb96e325ae924e,0,0,0,0
0xad91ea865e215d5bc5ad9ae43c8a5e024b6ebdd9,0,0,0,0
0x33f7fc59b3f0a37a0f127fd93ed487eb79824513,0,0,0,0
0xbcc5d9659943e105b00e67d63cad7fd49d66c009,0,0,0,0
0x218b9d3a76cc12869e461caeec975819109cd81c,0,0,0,0
0xa5945dc6972cf17c8abf0a6410a799b94b189bb8,0,0,0,0
0x13b72fbc6f889a33f4ba4d43f5c94491c5bb43cf,0,0,0,0
0x74daf6ada2aa32ee4bf427875c693eb6fc897054,0,0,0,0
0x082acb4bf6464dd655d71a0757cb9a3b641ac4ad,0,0,0,0
0xf2e1b6d9bb78787e8764322a72b68c8a00458d3b,0,0,0,0
0x83b427371bf080e2fa4a57cb6d05887263b7e393,0,0,0,0
0x1b9249c702a9762d8b86965edba7d00e7616eee4,0,0,0,0
0x09453c1be5c4e7817ca2667ce0b3f89dcb94a3e5,0,0,0,0
0x9ae60ae11940e9c2b23e9a2c047ce11f420b512a,0,0,0,0
0x8f1cdadb7c0b9a906bc81145c47db9eae27154c1,0,0,0,0
0x62e4a58f9281f1775d61e14ddbb9329f30dad730,0,0,0,0
0x8c39c364596a99874230e792226b7fed86d41240,0,0,0,0
0x1a8e726a32146c3e8fa0127e4d7b8736df4f4a39,0,0,0,0
0xb2effc906a8cff90d28240f1278d1c8792cdba0e,0,0,0,0
0xb91b065f3797f56e6439a921b9350895e24f0863,0,0,0,0
0x8e6a20a06b870b877132c08a767ca0f8b76f8228,0,0,0,0
0xf05607c6f4be079cec02ed437ce8c379799b77d2,0,0,0,0
0x27e0be4b0045a205542a21ea087c6b5bbfcf3f7b,0,0,0,0
0xa7b17eee1577c48c4ec926d7670292687bb3962b,0,0,0,0
0xd3850e9ca03aefd75774d3b12940668668ca1e19,0,0,0,0
0x48253e1773fd5039d40896d972e4557ae9f62b25,0,0,0,0
0x2ba2b26ffd2974a2cfa81f100078432cf309db26,0,0,0,0
0xe160a6b195e4de2ab445d95030f86b5a475deaf9,0,0,0,0
0x2665d066d32177ebb01a7177b83f280c94507380,0,0,0,0
0x33f46ac3fabc6b22fc0f3ee020aa5bad94a31ffe,0,0,0,0
0x368f80fe16cd8b32ade024600dc0f2ade1e90b1c,0,0,0,0
0x5b5690123a9eb3a0efcd72c4cdee4fad967319f8,0,0,0,0
0xf4fe838c66187ec8ffb08a92742232cf8531c0b8,0,0,0,0
0x0a181a434e1cd3b0f6948c46c0c00a4a5983403d,0,0,0,0
0x045dee6c2e7be211d4038a1641539f7a97c166a4,0,0,0,0
0x09a3bf35590488f178e2fa0ce855b10db28cd64c,0,0,0,0
0xd6c8fc05d64a314184fc6f35ac0840494687eaa0,0,0,0,0
0xc9d5bd2aa9938bf9806346845c52a1bf03f134e3,0,0,0,0
0xe09e4275fe091264a87329b4db70e66483700ccd,0,0,0,0
0x37d005bb51620fddf1abf9f40a74c9b8639effda,0,0,0,0
0xe68f84597ffacaa21cedfd2ba43f95ff6aade433,0,0,0,0
0x91554934010726db35d4218da25892c6f1a4a2f0,0,0,0,0
0x685e5b7a2c4ce5b5f66083cbae5951cb42b755a6,0,0,0,0
0xf8270faea31dea3cdb7fe24e9f1fd4b4a3460d97,0,0,0,0
0x5f2d65e53b9fbd31975e24dad0824c7491fbb2f9,0,0,0,0
0xb22eae9b709a02bcbc02e3e3811034d591f6ea08,0,0,0,0
0x8cf2ef3e3b99fe208295eacace601e720f64d326,0,0,0,0
0x331b67b08ed838ca37713e14afd39ce74ba2d3d9,0,0,0,0
0x8d1d739aea50a9f5f636fb73912a9b79c25a9390,0,0,0,0
0xeb6208552c4ba9506b278d4f46b79780784bc485,0,0,0,0
0x3fc39a9e01603265f12bd3b6e0987e7326e12ec4,0,0,0,0
0x3e8cc5c15495d7463ea61c008d946e71fbd80eea,0,0,0,0
0x1a9659b9c3f46ec73c9785a421552643cef261c8,0,0,0,0
0xfbba87d9f2c805fcfe18892c34898ddce5b3e1af,0,0,0,0
0xbe79ddae5e57a2059041055ecdd6e5e1f1c7593d,0,0,0,0
0xec3d76ed4bb5224e139f90116dcf49e6684ee13d,0,0,0,0
0xbce461bbb845f57c6d2e80d4faae159b173c6f2e,0,0,0,0
0x27791d45d6a89d0770a22d322822678a6cc37aeb,0,0,0,0
0x1fd2fe8ea07bcdb1649e83e56bb286d945415b12,0,0,0,0
0x150793856a1f9b5a7280bc3b09f8ac271d00a79b,0,0,0,0
0xc1069a0b1d396bd85c193e4dd8bb981e3b89869a,0,0,0,0
0xd036abe7f2224006bb2e7492c52a38e7f8993cf2,0,0,0,0
0x2471e83f202c0340fa93ea98fbd821ca8637cc09,0,0,0,0
0xaa5a45c19d12f162009a9efe560eda3c90f15899,0,0,0,0
0x869a207245ddf067806b28e6bc8229b9f2603d8b,0,0,0,0
0x086d49ff977d78cbf01bd5f6c6e9f71c4974e210,0,0,0,0
0xbb554c030196bc38ca6e9a0fa92c8f6d773822f5,0,0,0,0
0x8a9d0d8fccaa33685f6e2e68a7186010db5301fe,0,0,0,0
0x202109ae5ba54b9a9f97cbcb72edadb8d67f26bf,0,0,0,0
0xf3cdf652242f5cff9a7c88d948086687e94afb81,0,0,0,0
0x389e30302a6dff422a3bcd713a1c98f5d0f6ef5f,0,0,0,0
0x19956498aa31fbb7aabcd6690e463f87b02ae458,0,0,0,0
0xa51670db54edf9dd5d5e3570f619ff46535e3679,0,0,0,0
0xd35114a5cf676f220cbd35d3872c01b685f503f9,0,0,0,0
0xd4764a7903e22136dbfa6a3304832eea3fc02adf,0,0,0,0
0x8536ba963ca627a4e34b8154bf32ba69e7df05cc,0,0,0,0
0x57159dc8f76e0363c87b0c76406cc3cc40931198,0,0,0,0
0x1f16676e4b71c3e0368adcfd39c329545c277e84,0,0,0,0
0x7d7a7ee10832a7466ff8843f8160531add4e4f2c,0,0,0,0
0x22ed1aeceba858cab17a927197323497d262d38a,0,0,0,0
0x8f5ac5101df394eb744ae23f05149a79a4ba07c1,0,0,0,0
0x4ed3dd2056ef8b4042ea89aa36f8f6caccfcc54f,0,0,0,0
0x585af674ed3f05b60b4f35b38e687933a3127eb5,0,0,0,0
0x7ade4c730f3b1614f2bf0a30f3f8a0220b7a95ad,0,0,0,0
0x5da0eb0f1ead24a036507c06d11c486e04ecc593,0,0,0,0
0x72d938d1b42a50f11cdb796302f4cb5559c1c386,0,0,0,0
0x3d58abd0ae36e17047d2b7b61db5702857d4db0f,0,0,0,0
0xff288ca8ebeddaee16f158202a8e93cbfefc4213,0,0,0,0
0x9ee43c6419eb8a789fc3684cf973a3baa21f1b60,0,0,0,0
0xc1c0f6e6c13980742f27bd9afffd4c5f020bd2d5,0,0,0,0
0xf65f12324129db2541e66c81f899067abdb8730a,0,0,0,0
0x976d28d3d1ea0dd4a8b968acb9581d9cf4b852c6,0,0,0,0
0xfc5996afc2d767aba1d85a6b8492497c7e3a1d9f,0,0,0,0
0x72a7d4067c8153303d626d3d0c13e8a4eed25224,0,0,0,0
0x4686f4034129d15d6e1d4e2e768a23df2be7fbd4,0,0,0,0
0xd743ff83f352bc7da5ffc4cccbb340c76591c7c6,0,0,0,0
0x7862a83bdb067ad3aa3bfb99cdc1d44e4fbcfa45,0,0,0,0
0x856a81119d601848739c199180069b5f024ac299,0,0,0,0
0x59065ee728afe1700caac1d86c2bfc9448ddf5e3,0,0,0,0
0xe36ea59f36cdb17dfd76a77f2b845c90e68e9bf3,0,0,0,0
0x1bd56b685f99213d28185b334f260baa3ce96db1,0,0,0,0
0x8f1b72e6e08e80e6077e11eb07a5bf34b8d75401,0,0,0,0
0x632a53aedade015193e29cc307d160489e78f15b,0,0,0,0
0x59d45a76b14bdb0368bf5cdc9ac424e5369ac6af,0,0,0,0
0x0e6712d2179cc28cec30b8e597024fbedc005bc2,0,0,0,0
0x9954bca1e6176b243bdef0284a8454def0e5746f,0,0,0,0
0x2c20fc5a6de1ef9a266f5c18993a479401c0a9d4,0,0,0,0
0xb623964e5761c1b04a4a46b9ae8d1809defa7efb,0,0,0,0
0x514a64661a2029dbbe917b67bdfd58628fbad47e,0,0,0,0
0x31a3d0ce1423a414ed28d096244594c0964c5cce,0,0,0,0
0x938333c6cfbd6e270d77ddb2b728230150f53dec,0,0,0,0
0xc713ec8f02b76681cc6052de00b5fb41cdeacce7,0,0,0,0
0x5d87c27ea5e3e485938c11a825aaa0782f663b6b,0,0,0,0
0xe7259db99674f1af4b0f3eec7194c828d516a0f6,0,0,0,0
0x7df08cabcc2480389aa7159e137bfb27ac6c7ad5,0,0,0,0
0x8949c93d498f891b144378e9eefdfa91a361352e,0,0,0,0
0x27350328aa89c70e57cb9c6d543733e406346d40,0,0,0,0
0x8acacacbeba34b81a63aa403e12ce7507595bc69,0,0,0,0
0x64621617904aad53907951bf363e07d1a92e6f17,0,0,0,0
0x44b9b85d4286723d926f67755b07f6fd24625224,0,0,0,0
0x8d34f63ba05d593dc81dff589d4bc737b21dfa3c,0,0,0,0
0xa848cc62410355373278ca8146700f78a2557032,0,0,0,0
0x50a354f9edaa453d59ffe1f88096b3b8225e7afe,0,0,0,0
0xe8f328f1467a75fc814fdaa36089f5ddca839f2c,0,0,0,0
0xeb4de4c5160e0b6633c1c2a25bd5897f942304e9,0,0,0,0
0x5a1b97efb35e78648eaee185c7a582980d9dc841,0,0,0,0
0xe2d64825307995b95da4e77df84355e186d05757,0,0,0,0
0xc81c201d73273edc447482e6eeb434f1dc90f646,0,0,0,0
0x5114c78aa74cee635971c15490e4fb8ca2fe16db,0,0,0,0
0x3fe2cc6e3c2dc2ad60e6a34f49d4da15885379e2,0,0,0,0
0xa381fdeb8017d45ebf2d1d1efd9c42d77d956259,0,0,0,0
0x067bfd6cfd504e81d0406270493095f3dbb710ca,0,0,0,0
0x79896e8d20cf71752d84c000d21e6c79a3a9def3,0,0,0,0
0x194fa27ebfccb693412a7009f0bbff7cdc6002e6,0,0,0,0
0x9ee508325f4b70070b7b1feee2ff9b1a3aa61add,0,0,0,0
0xc1d14d8398286c2a08c24b761f8986efa9caba5e,0,0,0,0
0x78ca8474de0b02634fe8b85d4513ea91615d2fe8,0,0,0,0
0xee0fecaf01eeebcfa82922d33423e9bf51b0f629,0,0,0,0
0xe7acb0c6fc4122e4f7a983241ea6638a07b985b0,0,0,0,0
0xce3ae458c4e2a9c7dd3d5bfd981ec127934da277,0,0,0,0
0x1d1c9a9a5ab189d534cc089f1dbde59729e5a542,0,0,0,0
0xfeab12bf5805484a6ff43b625a4dc3659abb7ab3,0,0,0,0
0x7de765874b58934ae8a997dc017dbba954e5f192,0,0,0,0
0x21ebc3a15a2a10b37503b046d6cd88e5d986b3dc,0,0,0,0
0x7a8a0bcd5e66065537db81951f9ac6e85ed09211,0,0,0,0
0x7d3e50900f70d18b36abbb3c1f4bf72ca412c539,0,0,0,0
0x6d221e326d45913ae8a60299e637733c3a860c58,0,0,0,0
0xcf61ad7e4a9bee362fc212f3a8d2d1758769355d,0,0,0,0
0x1111320dfa8375a0e3d2f08db7b5d43ce92ae02d,0,0,0,0
0x284967ac3c148d1cf5be69facbcd48d7e39f4817,0,0,0,0
0x3ea5cebef2a9acf7e3282c3f31a5147855a0d399,0,0,0,0
0x70489ec26ce8d46452ecb78397dd11e03e5ac59c,0,0,0,0
0x8998d92ab7b8d0be1da86ca9db818ef9d3c10510,0,0,0,0
0xc968540e1fb424dac60155d97eb8fb9edeca3ff0,0,0,0,0
0x25f93bfdb48a346e46ba8f2422bbbcac8905efe5,0,0,0,0
0x76a91c19987a593fc48d67559ded76499393afb5,0,0,0,0
0x78cf65ece4a704e7498349e3c58c44bcee5efdf5,0,0,0,0
0xf16caab318b0e741833242d78512750a2a1c19b4,0,0,0,0
0xc2cf8d72c2b36b80586484f51cdc15c4d6805d12,0,0,0,0
0x86fbee65f945d2943a4d3ba733ab621b7ed569b6,0,0,0,0
0xd9fbe5ddf3628581ff199993f28a36ab3a5bdb8b,0,0,0,0
0xb1b01a59e94d69dbabeb746af35ce5353f482817,0,0,0,0
0x8db18685298bc3b1bf4900feaa528db7e41a29cb,0,0,0,0
0xb567472560ff1c1d90f0e94e1bd75d5df73e5587,0,0,0,0
0x17f7900c557f20a7207b127f7044fe6184e30818,0,0,0,0
0x2af1a11b144b196e7ce9fcbbb407e7b2e2f7b003,0,0,0,0
0xab756ccb3120d0439b80dc69758be49cdb9b1dca,0,0,0,0
0x4245577e08bb7929d89d404904e6307c777b2363,0,0,0,0
0xfbac12adc4096cb162e17e2b5aea8f16363a2503,0,0,0,0
0xbe3b939f0ded470fe83e0ca4957e13704f9b2d0d,0,0,0,0
0x5b8ca4eea136963294a30c137e906d9590557676,0,0,0,0
0xcf274c1dfbd1b942d5344c5cc78c77840a1eb8ef,0,0,0,0
0xe972cd82edad93508c7321dda433a4ddc8593b83,0,0,0,0
0xfb884b4dcf7473c1fd828fb0cab606f26052c496,0,0,0,0
0x8e2fc4ee48dcbe21e6210a2668a3a8d2cd72495b,0,0,0,0
0xe38380590ab27f42a66b9728225bd79417a3db2f,0,0,0,0
0xb7cdd9fb562f2b84756d53b55cec06667096d25d,0,0,0,0
0x73cfa774fb70b88d8a237ffd2e8df5996cbe52c9,0,0,0,0
0xebc7d99053c0aea470d71c7a3bf80ff9c2f17789,0,0,0,0
0x998bcb6108f25fa6b144d70fd920591f7d87dba0,0,0,0,0
0x9dfdc4645fcd3dd93544363356cd8dd120d01bf7,0,0,0,0
0xd56801c2d46bf4c9e14bbedf1cbcffc96123539c,0,0,0,0
0x5b5eda90ce5ae66e696a034c3aa9772cebde484b,0,0,0,0
0x2855be7eaf3248e5ca513fbe904b6e4a5560359f,0,0,0,0
0x3881de447468600c4b7d45e712b929368710dca4,0,0,0,0
0x7d68b9db6a02b1a7493e3e433ea1a20c4ac877f1,0,0,0,0
0xd450d9aa0fcf67d8507028665db6ae5e7f6797ed,0,0,0,0
0x37a3267fa39a9fcb370ad0401600cccc93d0989b,0,0,0,0
0xc72d43de3bfd0ece4018d00f7c11f5c293b465c5,0,0,0,0
0x3a16597ef18e2ee7daa305f4c03ce41a88fe186b,0,0,0,0
0x781e4c2e2b80f8c06bdaedf33435907e91b6f472,0,0,0,0
0xf721bec92f2623f1cb71d8897851a06ab23dc807,0,0,0,0
0x823e500e735b52c29d434b1fbc8930db2d34c28f,0,0,0,0
0x9fea4e7b4e90e8c1bab1a839867e3dcffd383504,0,0,0,0
0xbfd82db8d83d0f00332f5df5111c8ab4a12f527d,0,0,0,0
0x9c702d951eee15be938e1ca3a81fb84caf55a63e,0,0,0,0
0x6bd214adbc8807bb27c5937b3e1235bd31d82f2e,0,0,0,0
0xb85a1085020fb52b3882fefe340b5fee97e585e6,0,0,0,0
0xb541d49a5bd44065bfd2d469748b8ac965f7c682,0,0,0,0
0x0fc6ae10422bcd25407546e7502ec42d359c9776,0,0,0,0
0x02a5a51ccc2873632cd88ee3ddb56bc5026cd6e9,0,0,0,0
0x5c4b1cf33d9c22a0e009ef4187f602f3057b38a4,0,0,0,0
0xebe519220affe93ad4365e0f63334851601716d4,0,0,0,0
0x3e3f02d49f01f9bbe48f2ea64402aac7ab6d2cfb,0,0,0,0
0x3e8231de9c1a065cec77e9e534f40212c4543769,0,0,0,0
0xc2bdfd8d8f039534dcdf51f6a0c27d5d3e77215e,0,0,0,0
0x57ae0909742b2ad64f7132a57434a7d3a508e0ee,0,0,0,0
0x17b642893e252fd001c1a7fbfdc9003d979c4a8a,0,0,0,0
0x540e93d192b561f5fa9f1f558bea87191db7dd9a,0,0,0,0
0x69053712f97c86c3069b7852aee35431bf7c0790,0,0,0,0
0x122ccfd4e766654e38e53b9bc8a8a22a779c5cb9,0,0,0,0
0xeabffdf09be5083c3cb620c9f7cc6a99c22ce61e,0,0,0,0
0xc9ec9c6b9de67a672a596095bc85db7e9ff5246f,0,0,0,0
0xd12c3baf9f65c4b7fb21c7c4610e7548798bf043,0,0,0,0
0xf86b9a1b191d8afeeceab747bddf414a6542405f,0,0,0,0
0x738e8ead84dd150c3d4e5de2d5073fecec5c8629,0,0,0,0
0x008dd063690783b8aff1b310aa875e70e83421a8,0,0,0,0
0xc15732fa1eae33a5c3d9bdc4d9bd0c0b75a0baf7,0,0,0,0
0x22b87e9dfa934f48249b6ff9b014f784f35c4d8a,0,0,0,0
0xd8d90364eb2e0f54cce7aab443a4d5386ed8ed91,0,0,0,0
0x37de10b9d3cc668e2ba8e691678f418f6c4e5ad7,0,0,0,0
0x72f2af3578748efbff52519997a75609cdfcf0ec,0,0,0,0
0x08fd3a72703861ded3fafd5b1870157025c8ad61,0,0,0,0
0xe48dd9507fd7581406fede40256ba9d999ded4a2,0,0,0,0
0x4db6b3287af0c83c730579639cb13514cbf57455,0,0,0,0
0xa2cf4ae681e0f7858ee71b8e6f8bb7a711cd9043,0,0,0,0
0x00eab70f1f546a2d020602302aacec7bc100aaa0,0,0,0,0
0x0df598a558bbd232813a0d8b0f4e9e1cc2e02cce,0,0,0,0
0xb8089282087cc54141025016f56da2a4cf39393d,0,0,0,0
0xbdcd489659cc2b20b0d0fe81e99639aaed553192,0,0,0,0
0xcbe85b6a7b31223e36c7a39de0c65d10025429df,0,0,0,0
0xcee91a8afcf6477f399e2155b5b3f7c7301e84b9,0,0,0,0
0x8f1f8034353f4239b694e07b826cf820467b203e,0,0,0,0
0x99b7ac4b8f0335c3e501c9f6a53f3b9fa626c11c,0,0,0,0
0x08182bb14ca1ead603d2ebce550316b330928914,0,0,0,0
0xdf3214b148b715d53f2579bbd2bc75ff2074a4bc,0,0,0,0
0x9b8a3b10dff3c132a9a8a599d764c165b2a67eb3,0,0,0,0
0x2d50019139190ddb10f8346db963cc7be2604203,0,0,0,0
0x04e302407656d016a7661633742cf2ba8f8a2bda,0,0,0,0
0xf3c0a03fff96dc08d1ca1f5204c717654c51cfd6,0,0,0,0
0x9c9ab71f585b54bedfbe11c3c1b65558bcaad4d3,0,0,0,0
0xf4a190898015742e210499ea7565b0d189afd5e4,0,0,0,0
0x079e117238de1f75b00ad2be5f181635a5206210,0,0,0,0
0x83a1838590fcc7ed64b68d603825a188effb5f4f,0,0,0,0
0x9d53fe059bb5412fb28a47c0e82579b538f50789,0,0,0,0
0x1141740f9a8a1d3ff192a98ca16a6007bc359d2e,0,0,0,0
0x096dc86e781a9311b37a4149effabe2557ff13a5,0,0,0,0
0x4719675ef728c972644635fec6a29633fae835ac,0,0,0,0
0x0ce481be17e666e6532ca499bad2a2007545f02e,0,0,0,0
0x92bf7cf7bb982eedec5861c197e146acab92ed49,0,0,0,0
0x16413144d3ac295acdb0e804988905e27cb33d18,0,0,0,0
0x02e80348c3b0c30077c70b042ffabb4abdc85919,0,0,0,0
0xc9cc55a23b1838dcd4e0f1f51ea0d0216923e1bb,0,0,0,0
0x742ab534ea0bd574f214b4dfb7faba3099461c4c,0,0,0,0
0x76705d12322fffa6ce9c02e22957dd89338680e0,0,0,0,0
0x4770c22741a4fee7192112cde0e631e60cd3ea08,0,0,0,0
0x87b3301a3ece691e90922e77a61b71d1420c9c80,0,0,0,0
0x800a1da9d01eda6400877ef4e59eca3f2f2e1d4b,0,0,0,0
0x379013ceddb91f49f1903b2b1e3352e742bb8a41,0,0,0,0
0x4f91e50566120e53309dff2e0c3fcbe36e2f3a4a,0,0,0,0
0x10f61d09127108b9e53d50cf9bb74069fb66dac8,0,0,0,0
0x0ccf40698020e90ad45351fe454bf38b54ab342a,0,0,0,0
0x7cddf1756f2ad562eb671a5bf8df2e6f0c1acbf8,0,0,0,0
0x83b4093f347e3fcdac8d1050bf4c42bef84087e3,0,0,0,0
0xc06d091a7013d084a5c7d5acdf84c8f9d5d195b3,0,0,0,0
0xb067d014c3b7f2b63ce0633296f177e78f1a605c,0,0,0,0
0xcbba0ca83b58ea98b2e84719ad84ee95204d8a20,0,0,0,0
0xc5a21f88cb612a83a9658a24d062bb7c6a685626,0,0,0,0
0xb38659df1c2fc45dc814c6031887c46fdc4a4939,0,0,0,0
0xa8503f69f369eb2f307e20e7a59ef717f6fffeef,0,0,0,0
0x881b598f3b6e8bc70660969e70178213e6ce23f9,0,0,0,0
0x61cc0d860732d17e60590eb7d10cb197b35b7aef,0,0,0,0
0x6fe88be573ec98f5177baaa5c7a7fe7a33605e13,0,0,0,0
0x957072c36a46a18416de30bc3408ab83ab306443,0,0,0,0
0x527d1b1744004915c34a64a9c71620f277666666,0,0,0,0
0xdc03a4fe7f1eca002084de301778635b6c393b71,0,0,0,0
0x76f45a515513060a9c10c53d7e3f231e5a3c7b91,0,0,0,0
0xd40c6062bef49b963a12b1c766c1fc51bb7a9737,0,0,0,0
0x9355470cbfcde526afee9e6f3c28c2d830c05ad4,0,0,0,0
0x19b97280d71a40b536c37125098668a92048c855,0,0,0,0
0x5c9d777bb5937856d1395e917d11e0df62bc22bb,0,0,0,0
0x8b3617e3a19b96d3341ca90fb3b206c328406c6b,0,0,0,0
0x0000000000000000000000000000000000000000,0,0,0,0
0xfc146c248b29e61a47ea934c3c9e786bd104f1d9,0,0,0,0
0x00ab300ff4498d2bd95d37375debcbe3e12744f9,0,0,0,0
0xcaad0016f05de3f9780060721b700156f23bf042,0,0,0,0
0x579d0b77ffebd017fef208f1bca8766dc8ee62f8,0,0,0,0
0x6bd4313df6caa45c6ad80f8961c52ec8a90e2791,0,0,0,0
0xc2c89d2019f5a2694ba76b426118d36cf513b152,0,0,0,0
0x223b24fc360179b06129fdde3541cf07e8d5f2bc,0,0,0,0
0x8cba72e106a4d2121f36046d2328101c89aee276,0,0,0,0
0x57409a9b748ad977fda5a1110c7ae0556b63aa9a,0,0,0,0
0xfa7b0948fcd6dec5b0025466bdd88c8838db23a6,0,0,0,0
0xb98ca624840fabecb5892ffcdd13a77e781b7d82,0,0,0,0
0x6e526aff3c525425c34ae26ceea2ddf5abf3e16c,0,0,0,0
0x53e74e5dcedf167ae8c959543ec97bd9cf700c8e,0,0,0,0
0x6c354e0c698f267626d1b1b5e1485ea038c0124c,0,0,0,0
0x2bfc1a3af4dffd6362b185bda271efb9c603652e,0,0,0,0
0xabc96d08d0c0094032151325cbcfe7b6424c0259,0,0,0,0
0x270cbdc2010cbc170aa8a214c30d59b43cde1307,0,0,0,0
0xfa349cca006e9fbbc7693d13bd57f1be08cb1faf,0,0,0,0
0x18b57ccf6af2a4a3937200a9fb8251161c3f607d,0,0,0,0
0x89cac5f1f47c792c9bfda22adf2efbb7e05d9889,0,0,0,0
0xc3d9aeb5840a7341400be59cdeda94d2df8b9334,0,0,0,0
0x45442e4f1a58742502f03e10e82174889a6b06ac,0,0,0,0
0x867357b1105d3aaf120dd6b4711d5bec6afd656c,0,0,0,0
0xdbf7f8e7ec8e8033595dd05f381d1084129aa9ad,0,0,0,0
0xd7992a66fa5196e8b8be6b9431645459b8f645d8,0,0,0,0
0xb0a88c6658da44e9a8169b04f7d1345d0a028415,0,0,0,0
0x49b74bdc20d0b96d86193ace92b89a4d2035e03e,0,0,0,0
0xba583d0479302aaa7b9fabd4042f703f82bb26d8,0,0,0,0
0xb4db96a422f308ece4020278ee3316dd72b3a2dc,0,0,0,0
0x8ec8709a385b5dac5f25220e2398a792c024e7a9,0,0,0,0
0xe6adb3098be70f2e21aaadcaddc9a74ae4ae45c9,0,0,0,0
0x078c61b085c9be89c170f83ceb4a5c893aa88970,0,0,0,0
0xefc7f9e888aef78b5ea9594a567250dd7ac64883,0,0,0,0
0xec51fb8803edacc05a80a2205aae194522c59b94,0,0,0,0
0xc34b240550232c6b250a129df28df75ed6c6fa48,0,0,0,0
0x5b3e484c7792e4c0c1accab02c16a8d93bfd380e,0,0,0,0
0x00941a1260acd5b8fe81a862668f24e820f782b2,0,0,0,0
0x446a522c77ea77ff9cc879b042e0f60ece54c739,0,0,0,0
0xcb5e523d870b8251968b0cc89ca64b0dc55540a6,0,0,0,0
0xb644706d60fe9754f3fc143237c235d801aa02a1,0,0,0,0
0xa82caafdb0ad80e1f1dbe01a7b6c22916db68547,0,0,0,0
0x3fa8ee525b4c23875a262fb32e1dcd47627ebc44,0,0,0,0
0xa41f68becc234a7d9b0ec8156340741fd6a88ebf,0,0,0,0
0xe90badcff03b28c91d28bbb9910c4a5cc972b013,0,0,0,0
0x5f407597f11906ba2afdbad6eb6ffb1e31ffcfe7,0,0,0,0
0x637ff5532d9d9c43ba0d52d7a1f816a17e48d438,0,0,0,0
0xe3dde071222ad5df6641ba9adfaf8ad1cfd6800c,0,0,0,0
0x7c43bf67a32878cb05f36237367023861a4dd6fa,0,0,0,0
0xf1908cd1e11998317450b8aad71ab66aeda8ae3f,0,0,0,0
0x95ccceff2b900a8acb85cc7769d31fd239ea190b,0,0,0,0
0x3f05bae0d52fae0d50ea0a1152892eedcee44569,0,0,0,0
0xf461fcb87dc8d8075bab4a5ac996457e021d99c2,0,0,0,0
0x55d1b69ea5f9a9ff77e37b556806fc2c8f17b924,0,0,0,0
0xf8fc570fba6ee39498fc4bf2adf67e5b1e1ea8f2,0,0,0,0
0xd4e96bef9446e633aefab2dd7dc75632aa90c32e,0,0,0,0
0x70444ae8fd8532fe648565117be63b5508639f51,0,0,0,0
0x6919aa85e46cf586fa4f4a05855c8615fe7ea5b4,0,0,0,0
0xab7afc20a6f906771006e09dd035f9cede19ec94,0,0,0,0
0x8234f5c7a07dad6416b6086caba7e11f53ee0eb9,0,0,0,0
0xb617670bc253283c2ecc21f22767237d2b4b19aa,0,0,0,0
0x7ad54b58065649ec2b11a09826143b593d5eb597,0,0,0,0
0x86574989a61f00160e6753d69094cc786efafa80,0,0,0,0
0x4819aef40b556b01938b8065b215e23b3319bc83,0,0,0,0
0xb85b0f6c99415155deacd3463befceae2e8365fb,0,0,0,0
0x521289025cf59e04c37fbc550a0a19f83a08a82b,0,0,0,0
0x2e9354ba2be1cec500da5eeb2c8a95ae77e31424,0,0,0,0
0x1cfa66ee3f3611fe58552ac6a45b223af121e0fe,0,0,0,0
0x47402b5207e9e5923774d41ef6d208f62646f6db,0,0,0,0
0xf96f5c81bf403babecbfa8d24575952d3e2d613d,0,0,0,0
0x735a6f3148add837214e4ac771a99e39b0035f4e,0,0,0,0
0xeed702cd3ff67212779a0b72cc779b2dcf974811,0,0,0,0
0x6821300f272a8e095c9e56e5eba579990b83fdb2,0,0,0,0
0xdc38aa992e31dab2f3da01b70ccccf6d17ed0d57,0,0,0,0
0xd832163e41506ba7f8356df0e1c2d8faf26e2518,0,0,0,0
0x6cea2153231443fa5f9eae65f26f30422b499af5,0,0,0,0
0x7acfca1c8f7fa9ab2426f3f4ad17c60df6363cee,0,0,0,0
0xbec0e0cc235ef894277d7fe28e58f6e20501d15e,0,0,0,0
0x22bfc257ee87c120e5f59af2978ad45f063b939f,0,0,0,0
0xb55d261828eccbef6e3c2501d5db6242c1473d68,0,0,0,0
0x63fccf95ea351c1c7dadb6434c1dafd2f0d12662,0,0,0,0
0x0e0484837d50d84c66dcf80716c590a0d3c44310,0,0,0,0
0x7383c41537093c941a7680a659d5f429484c483a,0,0,0,0
0xb70c088be1ecb741126d8d7404b0084aba872bc7,0,0,0,0
0x583c3590af4e3e759dd56ff4f79d85d0b1ae4dbc,0,0,0,0
0xe618d6d292e6dd1f78ac0dc5d1899c1360ebd442,0,0,0,0
0x12d0f190b8288b9688e3f5f9c6d90f07b11aaef9,0,0,0,0
0xae3204669233dd4f7a7ad0a97f4a09716340061c,0,0,0,0
0x619b58d0563e2bdc75ab7f32ff5828de0ed442e5,0,0,0,0
0x0b782fb9286320566a4a2f95652b815a2904a0fd,0,0,0,0
0x0c324e4a39c70c5e4e0d76b40bc34ca909fcd9a4,0,0,0,0
0xe927d7b8341c4595970e9edce7e98880c5ade5d8,0,0,0,0
0x363a8ea7248c180170361bbd118d26214d6899cc,0,0,0,0
0xe0a3c9485e7f4ebea356f400066fba83ab63de98,0,0,0,0
0xf651ce2b612b517869bcd11c0747820d1674efa4,0,0,0,0
0x065a697a66626c8e2ab4fc7c19f8d82b26bc3828,0,0,0,0
0x31d564253a6635450904341e0a8162c98d4d42d1,0,0,0,0
0x9524eaf782cda51bb5c7bf0784467187e4210a67,0,0,0,0
0x1d443050bad6f35a3720e36477df6a5c25ace616,0,0,0,0
0xab83f6679377c0ca7e6a296e38b9e684e4310445,0,0,0,0
0x34989141de2aab7e44c8be21f6b2137ddcc703ea,0,0,0,0
0xc4d3b05d8a1101bdddbc1c7028164333c48cd3cc,0,0,0,0
0xb66da5089f983761f1d66c9419a138feaf601baf,0,0,0,0
0x5d96eb8e7c1bc74890e120c400e6cbcc7396eb46,0,0,0,0
0x320ed97963f4e2adf3a8264b9ec1f91a4abf1a60,0,0,0,0
0xe37836c0801f0c345df271b297cc168cafa4e8b9,0,0,0,0
0x9b0eb40fca0d1ef4a99a3632f94542171407bc5c,0,0,0,0
0xa0ae209836c48fe6de3e2ffeea49369399caca7d,0,0,0,0
0xd493a70e89351419ee181065401baf4156337fb0,0,0,0,0
0xaf715cd6432b445a46fa96fb13aa325774d28902,0,0,0,0
0x40fb3801bf947364d5849ac31888279e78fd7aa7,0,0,0,0
0xb8c149fe30dca80517bfd3a5b102894f6f688910,0,0,0,0
0xd539938f647b8743625d4bccca3c2c6b5e00455d,0,0,0,0
0xf31e717f20085680c00665d5661b1ac18737313d,0,0,0,0
0xc173a900821d56bf98319759099a7e867bcbf9ce,0,0,0,0
0x9ec6d13c7b6bee1ef6ca0131f2ecc834c7ab40ae,0,0,0,0
0x3ccefa08aa5a9ba4513a817f65bc204f4010a602,0,0,0,0
0xf1cab71c8183574a0e642535e12be0f67c4e6e04,0,0,0,0
0xfd9f8faa582521626ac460e7c246b9f27d498769,0,0,0,0
0x82a6337fd59418cb1033fb254a94a97b85310c6c,0,0,0,0
0xb6a100031584fafb488d7e08c576059938299499,0,0,0,0
0xca47e4d2928f20ebfdf8cf5ade5985b712186f4a,0,0,0,0
0x24107e5e4881f4caafef47bc41b15ffcb69b44e0,0,0,0,0
0x92cf4a9ec482c2023c97edc4d673d54bc3c65550,0,0,0,0
0xaa996280603aba948bf0a9bc8710a101fe1015a8,0,0,0,0
0x6e5dd647ad08f43ef6cf4cf821f1d99cc0fac71a,0,0,0,0
0x5895ea1560d85ff6a1ebf897949baa235a6e9883,0,0,0,0
0xe41c2c547e530300907020967ed062ea8e0bb024,0,0,0,0
0xc13912ff8dc5459d65ccb597293c0939eb3eb789,0,0,0,0
0x96cb1c189414e9001973816ac83e15ce22d8fb9c,0,0,0,0
0x35035bcb599063399eb5ee12cfda3172d4c4f30f,0,0,0,0
0x20de4228e3e91af93fa99604924bd5c5b71b0dd7,0,0,0,0
0xb4458c60b3a1f87bf1122eb3660ecd7e004047f5,0,0,0,0
0xdfe5047472bb33de271c8fb82ca5d39bd0c78a56,0,0,0,0
0x01b208dd1f9115d06032a1c633e7d7dd32b2f69f,0,0,0,0
0x05e6aa842a4d4f11a6fb6a23b8ab0011632d65d4,0,0,0,0
0x3501db832e0c3d0c366e1983c72fa279d58c02d5,0,0,0,0
0x030cdac279f3c03ee50982524daeb87510c1a1d2,0,0,0,0
0xa881fc361a1f4aee5c0e4c35f78efcf55f83de17,0,0,0,0
0x61d55dc2c432defb5d6ec227371cd5c7800cf489,0,0,0,0
0xdcabb0ae7ce5678c459519859701c0c1aa9143b9,0,0,0,0
0x696ceb366ef2989fc68f6f18b8c70f215ca90b8c,0,0,0,0
0xa8582864572c8dd4e4dd1d14e3f704334274fe24,0,0,0,0
0x2a5ce818248ae911300b280c91b4599a3292c362,0,0,0,0
0xecdd02e95369c63fba63fc2de899c9e88eaf5534,0,0,0,0
0xd881be4b1b34c2cf1aab94a2204fc6a320d1fb09,0,0,0,0
0x2613657b681e302f98719876b483786c0c438f6f,0,0,0,0
0x1bd7d7ad2ae612f51bc5ec15ea76976d7faa996c,0,0,0,0
0x675b7e3f2f453ab9c8e27f10eac9859166953a85,0,0,0,0
0x079a8ec3803242cf1063390fff59df5b15b2a042,0,0,0,0
0x2135bf3ec89b8fd182d087f9a3f00dcc1e4a8228,0,0,0,0
0xcd388ee2b63da4d4947254c9d051d98be18ef6d5,0,0,0,0
0x6591a76dcfa8f2214da5b2a71f12db3e0afcf1c5,0,0,0,0
0x5b6de315fcb2df0006bcdd5d8562ecc70b11c033,0,0,0,0
0x9368c322cf484863c7468345646b9390d6ef3737,0,0,0,0
0x23883e088eab5652f2e8a0a1dab18865c497c932,0,0,0,0
0xaeea7a209f45bd70aa4575fc9cfcd5386670e50d,0,0,0,0
0x01f5b8bf3e1b227bca52b2564dd1a1d6a304b559,0,0,0,0
0x6cf43195af04cd9fcced220516f3c731c8914160,0,0,0,0
0xd174131d3287092d772f112d1207b6cbebb9e42d,0,0,0,0
0x0ef52d56fa6c667c06a01bfd5ecb7bbfc3a82b0a,0,0,0,0
0x257ac5a077ced525f87d4f1ba6c0bf2f6f747413,0,0,0,0
0x3c06480a3b49375546d0e8076d07012fef9965ca,0,0,0,0
0xa9bf57e232cf823908f167a110d51eae88c6cafb,0,0,0,0
0x3902815ea4c2841b730f761eb8931ebd69d1b59b,0,0,0,0
0xf14763ba87654bbfcdcf18a2536c33e0f1996922,0,0,0,0
0x4263faac6b9f4e71106caf70debc8d94aacecd11,0,0,0,0
0xd0867cd48ba0e5d92cb0c1ce702c7c696e15cb50,0,0,0,0
0xa293793ec5cb30105bac6990694b203422f94f67,0,0,0,0
0x8cab2acbf7acb69edb8a71e896af8d34431e5a2e,0,0,0,0
0x38bebea4ad6cf659d8df7eb9ffd30df8ae0931a5,0,0,0,0
0x5d52d7d492cc22ed904433f07d0c57d9899557dc,0,0,0,0
0xc3b06e0a97940d20d0b1d7668def2d45f2af1510,0,0,0,0
0x93f8327599a42e9ad555cb83e4296043e9e19b2c,0,0,0,0
0xc9cde69814728adae2c632a5c4a678fdd4603387,0,0,0,0
0xa6907e7bd08b58bf4967d609fef090c84c237a70,0,0,0,0
